path,true_char,cnn_read,correct,field,position,panel,verified
3\cap_20260418_155707_070__mass__p0__cnn-3__ok.png,3,3,True,mass,0,cap_20260418_155707_070.png,True
3\cap_20260418_155707_070__mass__p1__cnn-3__ok.png,3,3,True,mass,1,cap_20260418_155707_070.png,True
8\cap_20260418_155707_070__mass__p2__cnn-8__ok.png,8,8,True,mass,2,cap_20260418_155707_070.png,True
4\cap_20260418_155707_070__mass__p3__cnn-4__ok.png,4,4,True,mass,3,cap_20260418_155707_070.png,True
1\cap_20260418_155707_070__resistance__p0__cnn-1__ok.png,1,1,True,resistance,0,cap_20260418_155707_070.png,True
pct\cap_20260418_155707_070__resistance__p1__cnn-pct__ok.png,%,%,True,resistance,1,cap_20260418_155707_070.png,True
1\cap_20260418_155707_070__instability__p0__cnn-1__ok.png,1,1,True,instability,0,cap_20260418_155707_070.png,True
dot\cap_20260418_155707_070__instability__p1__cnn-dot__ok.png,.,.,True,instability,1,cap_20260418_155707_070.png,True
4\cap_20260418_155707_070__instability__p2__cnn-4__ok.png,4,4,True,instability,2,cap_20260418_155707_070.png,True
3\cap_20260418_155707_070__instability__p3__cnn-3__ok.png,3,3,True,instability,3,cap_20260418_155707_070.png,True
3\cap_20260418_155715_919__mass__p0__cnn-3__ok.png,3,3,True,mass,0,cap_20260418_155715_919.png,True
7\cap_20260418_155715_919__mass__p1__cnn-7__ok.png,7,7,True,mass,1,cap_20260418_155715_919.png,True
3\cap_20260418_155715_919__mass__p2__cnn-3__ok.png,3,3,True,mass,2,cap_20260418_155715_919.png,True
6\cap_20260418_155715_919__mass__p3__cnn-6__ok.png,6,6,True,mass,3,cap_20260418_155715_919.png,True
0\cap_20260418_155715_919__instability__p0__cnn-0__ok.png,0,0,True,instability,0,cap_20260418_155715_919.png,True
dot\cap_20260418_155715_919__instability__p1__cnn-dot__ok.png,.,.,True,instability,1,cap_20260418_155715_919.png,True
9\cap_20260418_155715_919__instability__p2__cnn-9__ok.png,9,9,True,instability,2,cap_20260418_155715_919.png,True
9\cap_20260418_155715_919__instability__p3__cnn-9__ok.png,9,9,True,instability,3,cap_20260418_155715_919.png,True
1\cap_20260418_155725_424__mass__p0__cnn-1__ok.png,1,1,True,mass,0,cap_20260418_155725_424.png,True
0\cap_20260418_155725_424__mass__p1__cnn-0__ok.png,0,0,True,mass,1,cap_20260418_155725_424.png,True
4\cap_20260418_155725_424__mass__p2__cnn-4__ok.png,4,4,True,mass,2,cap_20260418_155725_424.png,True
8\cap_20260418_155725_424__mass__p3__cnn-8__ok.png,8,8,True,mass,3,cap_20260418_155725_424.png,True
6\cap_20260418_155725_424__mass__p4__cnn-6__ok.png,6,6,True,mass,4,cap_20260418_155725_424.png,True
1\cap_20260418_155725_424__resistance__p0__cnn-1__ok.png,1,1,True,resistance,0,cap_20260418_155725_424.png,True
pct\cap_20260418_155725_424__resistance__p1__cnn-pct__ok.png,%,%,True,resistance,1,cap_20260418_155725_424.png,True
3\cap_20260418_155725_424__instability__p0__cnn-3__ok.png,3,3,True,instability,0,cap_20260418_155725_424.png,True
dot\cap_20260418_155725_424__instability__p1__cnn-dot__ok.png,.,.,True,instability,1,cap_20260418_155725_424.png,True
7\cap_20260418_155725_424__instability__p2__cnn-7__ok.png,7,7,True,instability,2,cap_20260418_155725_424.png,True
8\cap_20260418_155725_424__instability__p3__cnn-8__ok.png,8,8,True,instability,3,cap_20260418_155725_424.png,True
_unverified\cap_20260418_155740_736__mass__p0__cnn-1__gt-10488__read-1048.png,,1,,mass,0,cap_20260418_155740_736.png,False
_unverified\cap_20260418_155740_736__mass__p1__cnn-0__gt-10488__read-1048.png,,0,,mass,1,cap_20260418_155740_736.png,False
_unverified\cap_20260418_155740_736__mass__p2__cnn-4__gt-10488__read-1048.png,,4,,mass,2,cap_20260418_155740_736.png,False
_unverified\cap_20260418_155740_736__mass__p3__cnn-8__gt-10488__read-1048.png,,8,,mass,3,cap_20260418_155740_736.png,False
_unverified\cap_20260418_155740_736__mass__p4__cnn-pct__gt-10488__read-1048.png,,%,,mass,4,cap_20260418_155740_736.png,False
1\cap_20260418_155740_736__resistance__p0__cnn-1__ok.png,1,1,True,resistance,0,cap_20260418_155740_736.png,True
pct\cap_20260418_155740_736__resistance__p1__cnn-pct__ok.png,%,%,True,resistance,1,cap_20260418_155740_736.png,True
_unverified\cap_20260418_155740_736__instability__p0__cnn-4__gt-3.78__read-4.76.png,,4,,instability,0,cap_20260418_155740_736.png,False
_unverified\cap_20260418_155740_736__instability__p1__cnn-dot__gt-3.78__read-4.76.png,,.,,instability,1,cap_20260418_155740_736.png,False
_unverified\cap_20260418_155740_736__instability__p2__cnn-2__gt-3.78__read-4.76.png,,2,,instability,2,cap_20260418_155740_736.png,False
_unverified\cap_20260418_155740_736__instability__p3__cnn-4__gt-3.78__read-4.76.png,,4,,instability,3,cap_20260418_155740_736.png,False
3\cap_20260418_155743_480__mass__p0__cnn-3__ok.png,3,3,True,mass,0,cap_20260418_155743_480.png,True
7\cap_20260418_155743_480__mass__p1__cnn-7__ok.png,7,7,True,mass,1,cap_20260418_155743_480.png,True
3\cap_20260418_155743_480__mass__p2__cnn-3__ok.png,3,3,True,mass,2,cap_20260418_155743_480.png,True
6\cap_20260418_155743_480__mass__p3__cnn-6__ok.png,6,6,True,mass,3,cap_20260418_155743_480.png,True
1\cap_20260418_155743_480__resistance__p0__cnn-1__ok.png,1,1,True,resistance,0,cap_20260418_155743_480.png,True
pct\cap_20260418_155743_480__resistance__p1__cnn-pct__ok.png,%,%,True,resistance,1,cap_20260418_155743_480.png,True
0\cap_20260418_155743_480__instability__p0__cnn-0__ok.png,0,0,True,instability,0,cap_20260418_155743_480.png,True
dot\cap_20260418_155743_480__instability__p1__cnn-dot__ok.png,.,.,True,instability,1,cap_20260418_155743_480.png,True
9\cap_20260418_155743_480__instability__p2__cnn-9__ok.png,9,9,True,instability,2,cap_20260418_155743_480.png,True
0\cap_20260418_155743_480__instability__p3__cnn-0__ok.png,0,0,True,instability,3,cap_20260418_155743_480.png,True
1\cap_20260418_155945_982__mass__p0__cnn-1__ok.png,1,1,True,mass,0,cap_20260418_155945_982.png,True
5\cap_20260418_155945_982__mass__p1__cnn-5__ok.png,5,5,True,mass,1,cap_20260418_155945_982.png,True
6\cap_20260418_155945_982__mass__p2__cnn-6__ok.png,6,6,True,mass,2,cap_20260418_155945_982.png,True
8\cap_20260418_155945_982__mass__p3__cnn-8__ok.png,8,8,True,mass,3,cap_20260418_155945_982.png,True
3\cap_20260418_155945_982__mass__p4__cnn-3__ok.png,3,3,True,mass,4,cap_20260418_155945_982.png,True
_unverified\cap_20260418_155945_982__instability__p0__cnn-1__gt-14.21__read-1.21.png,,1,,instability,0,cap_20260418_155945_982.png,False
_unverified\cap_20260418_155945_982__instability__p1__cnn-pct__gt-14.21__read-1.21.png,,%,,instability,1,cap_20260418_155945_982.png,False
_unverified\cap_20260418_155945_982__instability__p2__cnn-2__gt-14.21__read-1.21.png,,2,,instability,2,cap_20260418_155945_982.png,False
_unverified\cap_20260418_155945_982__instability__p3__cnn-1__gt-14.21__read-1.21.png,,1,,instability,3,cap_20260418_155945_982.png,False
2\cap_20260418_155949_144__mass__p0__cnn-2__ok.png,2,2,True,mass,0,cap_20260418_155949_144.png,True
1\cap_20260418_155949_144__mass__p1__cnn-1__ok.png,1,1,True,mass,1,cap_20260418_155949_144.png,True
4\cap_20260418_155949_144__mass__p2__cnn-4__ok.png,4,4,True,mass,2,cap_20260418_155949_144.png,True
4\cap_20260418_155949_144__mass__p3__cnn-4__ok.png,4,4,True,mass,3,cap_20260418_155949_144.png,True
9\cap_20260418_155949_144__mass__p4__cnn-9__ok.png,9,9,True,mass,4,cap_20260418_155949_144.png,True
2\cap_20260418_155949_144__instability__p0__cnn-2__ok.png,2,2,True,instability,0,cap_20260418_155949_144.png,True
1\cap_20260418_155949_144__instability__p1__cnn-1__ok.png,1,1,True,instability,1,cap_20260418_155949_144.png,True
dot\cap_20260418_155949_144__instability__p2__cnn-dot__ok.png,.,.,True,instability,2,cap_20260418_155949_144.png,True
4\cap_20260418_155949_144__instability__p3__cnn-4__ok.png,4,4,True,instability,3,cap_20260418_155949_144.png,True
7\cap_20260418_155949_144__instability__p4__cnn-7__ok.png,7,7,True,instability,4,cap_20260418_155949_144.png,True
7\cap_20260418_155955_540__mass__p0__cnn-7__ok.png,7,7,True,mass,0,cap_20260418_155955_540.png,True
3\cap_20260418_155955_540__mass__p1__cnn-3__ok.png,3,3,True,mass,1,cap_20260418_155955_540.png,True
7\cap_20260418_155955_540__mass__p2__cnn-7__ok.png,7,7,True,mass,2,cap_20260418_155955_540.png,True
9\cap_20260418_155955_540__mass__p3__cnn-9__ok.png,9,9,True,mass,3,cap_20260418_155955_540.png,True
6\cap_20260418_155955_540__instability__p0__cnn-6__ok.png,6,6,True,instability,0,cap_20260418_155955_540.png,True
dot\cap_20260418_155955_540__instability__p1__cnn-dot__ok.png,.,.,True,instability,1,cap_20260418_155955_540.png,True
9\cap_20260418_155955_540__instability__p2__cnn-9__ok.png,9,9,True,instability,2,cap_20260418_155955_540.png,True
4\cap_20260418_155955_540__instability__p3__cnn-4__ok.png,4,4,True,instability,3,cap_20260418_155955_540.png,True
1\cap_20260418_160002_705__mass__p0__cnn-1__ok.png,1,1,True,mass,0,cap_20260418_160002_705.png,True
8\cap_20260418_160002_705__mass__p1__cnn-8__ok.png,8,8,True,mass,1,cap_20260418_160002_705.png,True
8\cap_20260418_160002_705__mass__p2__cnn-8__ok.png,8,8,True,mass,2,cap_20260418_160002_705.png,True
7\cap_20260418_160002_705__mass__p3__cnn-7__ok.png,7,7,True,mass,3,cap_20260418_160002_705.png,True
5\cap_20260418_160002_705__mass__p4__cnn-5__ok.png,5,5,True,mass,4,cap_20260418_160002_705.png,True
_unverified\cap_20260418_160002_705__instability__p0__cnn-0__gt-17.84__read-7.84.png,,0,,instability,0,cap_20260418_160002_705.png,False
_unverified\cap_20260418_160002_705__instability__p1__cnn-4__gt-17.84__read-7.84.png,,4,,instability,1,cap_20260418_160002_705.png,False
_unverified\cap_20260418_160002_705__instability__p2__cnn-dot__gt-17.84__read-7.84.png,,.,,instability,2,cap_20260418_160002_705.png,False
_unverified\cap_20260418_160002_705__instability__p3__cnn-8__gt-17.84__read-7.84.png,,8,,instability,3,cap_20260418_160002_705.png,False
_unverified\cap_20260418_160002_705__instability__p4__cnn-4__gt-17.84__read-7.84.png,,4,,instability,4,cap_20260418_160002_705.png,False
1\cap_20260418_160003_629__mass__p0__cnn-1__ok.png,1,1,True,mass,0,cap_20260418_160003_629.png,True
8\cap_20260418_160003_629__mass__p1__cnn-8__ok.png,8,8,True,mass,1,cap_20260418_160003_629.png,True
8\cap_20260418_160003_629__mass__p2__cnn-8__ok.png,8,8,True,mass,2,cap_20260418_160003_629.png,True
7\cap_20260418_160003_629__mass__p3__cnn-7__ok.png,7,7,True,mass,3,cap_20260418_160003_629.png,True
5\cap_20260418_160003_629__mass__p4__cnn-5__ok.png,5,5,True,mass,4,cap_20260418_160003_629.png,True
_unverified\cap_20260418_160003_629__instability__p0__cnn-4__gt-17.84__read-None.png,,4,,instability,0,cap_20260418_160003_629.png,False
_unverified\cap_20260418_160003_629__instability__p1__cnn-pct__gt-17.84__read-None.png,,%,,instability,1,cap_20260418_160003_629.png,False
_unverified\cap_20260418_160003_629__instability__p2__cnn-4__gt-17.84__read-None.png,,4,,instability,2,cap_20260418_160003_629.png,False
_unverified\cap_20260418_160022_415__mass__p0__cnn-5__gt-18875__read-179.png,,5,,mass,0,cap_20260418_160022_415.png,False
_unverified\cap_20260418_160022_415__mass__p1__cnn-8__gt-18875__read-179.png,,8,,mass,1,cap_20260418_160022_415.png,False
_unverified\cap_20260418_160022_415__mass__p2__cnn-8__gt-18875__read-179.png,,8,,mass,2,cap_20260418_160022_415.png,False
_unverified\cap_20260418_160022_415__mass__p3__cnn-7__gt-18875__read-179.png,,7,,mass,3,cap_20260418_160022_415.png,False
_unverified\cap_20260418_160022_415__mass__p4__cnn-3__gt-18875__read-179.png,,3,,mass,4,cap_20260418_160022_415.png,False
_unverified\cap_20260418_160022_415__instability__p0__cnn-0__gt-17.64__read-7.90.png,,0,,instability,0,cap_20260418_160022_415.png,False
_unverified\cap_20260418_160022_415__instability__p1__cnn-7__gt-17.64__read-7.90.png,,7,,instability,1,cap_20260418_160022_415.png,False
_unverified\cap_20260418_160022_415__instability__p2__cnn-dot__gt-17.64__read-7.90.png,,.,,instability,2,cap_20260418_160022_415.png,False
_unverified\cap_20260418_160022_415__instability__p3__cnn-9__gt-17.64__read-7.90.png,,9,,instability,3,cap_20260418_160022_415.png,False
_unverified\cap_20260418_160022_415__instability__p4__cnn-9__gt-17.64__read-7.90.png,,9,,instability,4,cap_20260418_160022_415.png,False
_unverified\cap_20260418_160026_220__mass__p0__cnn-5__gt-7379__read-50.png,,5,,mass,0,cap_20260418_160026_220.png,False
_unverified\cap_20260418_160026_220__mass__p1__cnn-0__gt-7379__read-50.png,,0,,mass,1,cap_20260418_160026_220.png,False
_unverified\cap_20260418_160029_408__mass__p0__cnn-dot__gt-21449__read-None.png,,.,,mass,0,cap_20260418_160029_408.png,False
_unverified\cap_20260418_160029_408__mass__p1__cnn-dot__gt-21449__read-None.png,,.,,mass,1,cap_20260418_160029_408.png,False
_unverified\cap_20260418_160029_408__instability__p0__cnn-dot__gt-21.47__read-None.png,,.,,instability,0,cap_20260418_160029_408.png,False
_unverified\cap_20260418_160029_408__instability__p1__cnn-dot__gt-21.47__read-None.png,,.,,instability,1,cap_20260418_160029_408.png,False
_unverified\cap_20260418_160029_408__instability__p2__cnn-dot__gt-21.47__read-None.png,,.,,instability,2,cap_20260418_160029_408.png,False
_unverified\cap_20260418_160029_408__instability__p3__cnn-dot__gt-21.47__read-None.png,,.,,instability,3,cap_20260418_160029_408.png,False
_unverified\cap_20260418_160029_408__instability__p4__cnn-dot__gt-21.47__read-None.png,,.,,instability,4,cap_20260418_160029_408.png,False
_unverified\cap_20260418_160029_408__instability__p5__cnn-dot__gt-21.47__read-None.png,,.,,instability,5,cap_20260418_160029_408.png,False
_unverified\cap_20260418_160029_408__instability__p6__cnn-dot__gt-21.47__read-None.png,,.,,instability,6,cap_20260418_160029_408.png,False
_unverified\cap_20260418_160029_408__instability__p7__cnn-dot__gt-21.47__read-None.png,,.,,instability,7,cap_20260418_160029_408.png,False
_unverified\cap_20260418_160029_408__instability__p8__cnn-dot__gt-21.47__read-None.png,,.,,instability,8,cap_20260418_160029_408.png,False
_unverified\cap_20260418_160029_408__instability__p9__cnn-dot__gt-21.47__read-None.png,,.,,instability,9,cap_20260418_160029_408.png,False
_unverified\cap_20260418_160029_408__instability__p10__cnn-3__gt-21.47__read-None.png,,3,,instability,10,cap_20260418_160029_408.png,False
_unverified\cap_20260418_160029_408__instability__p11__cnn-dot__gt-21.47__read-None.png,,.,,instability,11,cap_20260418_160029_408.png,False
6\cap_20260418_160153_932__mass__p0__cnn-6__ok.png,6,6,True,mass,0,cap_20260418_160153_932.png,True
9\cap_20260418_160153_932__mass__p1__cnn-9__ok.png,9,9,True,mass,1,cap_20260418_160153_932.png,True
2\cap_20260418_160153_932__mass__p2__cnn-2__ok.png,2,2,True,mass,2,cap_20260418_160153_932.png,True
9\cap_20260418_160153_932__mass__p3__cnn-9__ok.png,9,9,True,mass,3,cap_20260418_160153_932.png,True
1\cap_20260418_160153_932__resistance__p0__cnn-1__ok.png,1,1,True,resistance,0,cap_20260418_160153_932.png,True
pct\cap_20260418_160153_932__resistance__p1__cnn-pct__ok.png,%,%,True,resistance,1,cap_20260418_160153_932.png,True
2\cap_20260418_160153_932__instability__p0__cnn-2__ok.png,2,2,True,instability,0,cap_20260418_160153_932.png,True
dot\cap_20260418_160153_932__instability__p1__cnn-dot__ok.png,.,.,True,instability,1,cap_20260418_160153_932.png,True
0\cap_20260418_160153_932__instability__p2__cnn-0__ok.png,0,0,True,instability,2,cap_20260418_160153_932.png,True
8\cap_20260418_160153_932__instability__p3__cnn-8__ok.png,8,8,True,instability,3,cap_20260418_160153_932.png,True
6\cap_20260418_160202_855__mass__p0__cnn-6__ok.png,6,6,True,mass,0,cap_20260418_160202_855.png,True
8\cap_20260418_160202_855__mass__p1__cnn-8__ok.png,8,8,True,mass,1,cap_20260418_160202_855.png,True
3\cap_20260418_160202_855__mass__p2__cnn-3__ok.png,3,3,True,mass,2,cap_20260418_160202_855.png,True
9\cap_20260418_160202_855__mass__p3__cnn-9__ok.png,9,9,True,mass,3,cap_20260418_160202_855.png,True
1\cap_20260418_160202_855__resistance__p0__cnn-1__ok.png,1,1,True,resistance,0,cap_20260418_160202_855.png,True
pct\cap_20260418_160202_855__resistance__p1__cnn-pct__ok.png,%,%,True,resistance,1,cap_20260418_160202_855.png,True
1\cap_20260418_160202_855__instability__p0__cnn-1__ok.png,1,1,True,instability,0,cap_20260418_160202_855.png,True
dot\cap_20260418_160202_855__instability__p1__cnn-dot__ok.png,.,.,True,instability,1,cap_20260418_160202_855.png,True
7\cap_20260418_160202_855__instability__p2__cnn-7__ok.png,7,7,True,instability,2,cap_20260418_160202_855.png,True
8\cap_20260418_160202_855__instability__p3__cnn-8__ok.png,8,8,True,instability,3,cap_20260418_160202_855.png,True
4\cap_20260418_160208_908__mass__p0__cnn-4__ok.png,4,4,True,mass,0,cap_20260418_160208_908.png,True
0\cap_20260418_160208_908__mass__p1__cnn-0__ok.png,0,0,True,mass,1,cap_20260418_160208_908.png,True
0\cap_20260418_160208_908__mass__p2__cnn-0__ok.png,0,0,True,mass,2,cap_20260418_160208_908.png,True
1\cap_20260418_160208_908__mass__p3__cnn-1__ok.png,1,1,True,mass,3,cap_20260418_160208_908.png,True
1\cap_20260418_160208_908__resistance__p0__cnn-1__ok.png,1,1,True,resistance,0,cap_20260418_160208_908.png,True
pct\cap_20260418_160208_908__resistance__p1__cnn-pct__ok.png,%,%,True,resistance,1,cap_20260418_160208_908.png,True
_unverified\cap_20260418_160208_908__instability__p0__cnn-1__gt-1.04__read-1.00.png,,1,,instability,0,cap_20260418_160208_908.png,False
_unverified\cap_20260418_160208_908__instability__p1__cnn-dot__gt-1.04__read-1.00.png,,.,,instability,1,cap_20260418_160208_908.png,False
_unverified\cap_20260418_160208_908__instability__p2__cnn-pct__gt-1.04__read-1.00.png,,%,,instability,2,cap_20260418_160208_908.png,False
_unverified\cap_20260418_160211_145__mass__p0__cnn-4__gt-4001__read-406.png,,4,,mass,0,cap_20260418_160211_145.png,False
_unverified\cap_20260418_160211_145__mass__p1__cnn-0__gt-4001__read-406.png,,0,,mass,1,cap_20260418_160211_145.png,False
_unverified\cap_20260418_160211_145__mass__p2__cnn-5__gt-4001__read-406.png,,5,,mass,2,cap_20260418_160211_145.png,False
1\cap_20260418_160211_145__resistance__p0__cnn-1__ok.png,1,1,True,resistance,0,cap_20260418_160211_145.png,True
pct\cap_20260418_160211_145__resistance__p1__cnn-pct__ok.png,%,%,True,resistance,1,cap_20260418_160211_145.png,True
_unverified\cap_20260418_160211_145__instability__p0__cnn-1__gt-1.04__read-1.00.png,,1,,instability,0,cap_20260418_160211_145.png,False
_unverified\cap_20260418_160211_145__instability__p1__cnn-dot__gt-1.04__read-1.00.png,,.,,instability,1,cap_20260418_160211_145.png,False
_unverified\cap_20260418_160211_145__instability__p2__cnn-pct__gt-1.04__read-1.00.png,,%,,instability,2,cap_20260418_160211_145.png,False
_unverified\cap_20260418_160220_668__mass__p0__cnn-3__gt-3629__read-3829.png,,3,,mass,0,cap_20260418_160220_668.png,False
_unverified\cap_20260418_160220_668__mass__p1__cnn-8__gt-3629__read-3829.png,,8,,mass,1,cap_20260418_160220_668.png,False
_unverified\cap_20260418_160220_668__mass__p2__cnn-2__gt-3629__read-3829.png,,2,,mass,2,cap_20260418_160220_668.png,False
_unverified\cap_20260418_160220_668__mass__p3__cnn-9__gt-3629__read-3829.png,,9,,mass,3,cap_20260418_160220_668.png,False
1\cap_20260418_160220_668__resistance__p0__cnn-1__ok.png,1,1,True,resistance,0,cap_20260418_160220_668.png,True
pct\cap_20260418_160220_668__resistance__p1__cnn-pct__ok.png,%,%,True,resistance,1,cap_20260418_160220_668.png,True
_unverified\cap_20260418_160220_668__instability__p0__cnn-1__gt-1.35__read-1.00.png,,1,,instability,0,cap_20260418_160220_668.png,False
_unverified\cap_20260418_160220_668__instability__p1__cnn-dot__gt-1.35__read-1.00.png,,.,,instability,1,cap_20260418_160220_668.png,False
_unverified\cap_20260418_160220_668__instability__p2__cnn-pct__gt-1.35__read-1.00.png,,%,,instability,2,cap_20260418_160220_668.png,False
_unverified\cap_20260418_160223_671__mass__p0__cnn-6__gt-3829__read-6568.png,,6,,mass,0,cap_20260418_160223_671.png,False
_unverified\cap_20260418_160223_671__mass__p1__cnn-5__gt-3829__read-6568.png,,5,,mass,1,cap_20260418_160223_671.png,False
_unverified\cap_20260418_160223_671__mass__p2__cnn-6__gt-3829__read-6568.png,,6,,mass,2,cap_20260418_160223_671.png,False
_unverified\cap_20260418_160223_671__mass__p3__cnn-8__gt-3829__read-6568.png,,8,,mass,3,cap_20260418_160223_671.png,False
_unverified\cap_20260418_160223_671__resistance__p0__cnn-5__gt-1__read-0.png,,5,,resistance,0,cap_20260418_160223_671.png,False
_unverified\cap_20260418_160223_671__instability__p0__cnn-dot__gt-1.35__read-None.png,,.,,instability,0,cap_20260418_160223_671.png,False
_unverified\cap_20260418_160223_671__instability__p1__cnn-dot__gt-1.35__read-None.png,,.,,instability,1,cap_20260418_160223_671.png,False
_unverified\cap_20260418_160223_671__instability__p2__cnn-dot__gt-1.35__read-None.png,,.,,instability,2,cap_20260418_160223_671.png,False
_unverified\cap_20260418_160223_671__instability__p3__cnn-3__gt-1.35__read-None.png,,3,,instability,3,cap_20260418_160223_671.png,False
_unverified\cap_20260418_160223_671__instability__p4__cnn-2__gt-1.35__read-None.png,,2,,instability,4,cap_20260418_160223_671.png,False
_unverified\cap_20260418_160223_671__instability__p5__cnn-2__gt-1.35__read-None.png,,2,,instability,5,cap_20260418_160223_671.png,False
4\cap_20260418_160225_556__mass__p0__cnn-4__ok.png,4,4,True,mass,0,cap_20260418_160225_556.png,True
0\cap_20260418_160225_556__mass__p1__cnn-0__ok.png,0,0,True,mass,1,cap_20260418_160225_556.png,True
0\cap_20260418_160225_556__mass__p2__cnn-0__ok.png,0,0,True,mass,2,cap_20260418_160225_556.png,True
1\cap_20260418_160225_556__mass__p3__cnn-1__ok.png,1,1,True,mass,3,cap_20260418_160225_556.png,True
1\cap_20260418_160225_556__resistance__p0__cnn-1__ok.png,1,1,True,resistance,0,cap_20260418_160225_556.png,True
pct\cap_20260418_160225_556__resistance__p1__cnn-pct__ok.png,%,%,True,resistance,1,cap_20260418_160225_556.png,True
_unverified\cap_20260418_160225_556__instability__p0__cnn-1__gt-1.04__read-1.90.png,,1,,instability,0,cap_20260418_160225_556.png,False
_unverified\cap_20260418_160225_556__instability__p1__cnn-dot__gt-1.04__read-1.90.png,,.,,instability,1,cap_20260418_160225_556.png,False
_unverified\cap_20260418_160225_556__instability__p2__cnn-4__gt-1.04__read-1.90.png,,4,,instability,2,cap_20260418_160225_556.png,False
6\cap_20260418_160231_011__mass__p0__cnn-8__X.png,6,8,False,mass,0,cap_20260418_160231_011.png,True
8\cap_20260418_160231_011__mass__p1__cnn-8__ok.png,8,8,True,mass,1,cap_20260418_160231_011.png,True
3\cap_20260418_160231_011__mass__p2__cnn-3__ok.png,3,3,True,mass,2,cap_20260418_160231_011.png,True
9\cap_20260418_160231_011__mass__p3__cnn-3__X.png,9,3,False,mass,3,cap_20260418_160231_011.png,True
1\cap_20260418_160231_011__resistance__p0__cnn-1__ok.png,1,1,True,resistance,0,cap_20260418_160231_011.png,True
pct\cap_20260418_160231_011__resistance__p1__cnn-pct__ok.png,%,%,True,resistance,1,cap_20260418_160231_011.png,True
_unverified\cap_20260418_160231_011__instability__p0__cnn-3__gt-1.78__read-None.png,,3,,instability,0,cap_20260418_160231_011.png,False
_unverified\cap_20260418_160231_011__instability__p1__cnn-8__gt-1.78__read-None.png,,8,,instability,1,cap_20260418_160231_011.png,False
_unverified\cap_20260418_160236_337__mass__p0__cnn-dot__gt-6929__read-44.png,,.,,mass,0,cap_20260418_160236_337.png,False
_unverified\cap_20260418_160236_337__mass__p1__cnn-pct__gt-6929__read-44.png,,%,,mass,1,cap_20260418_160236_337.png,False
_unverified\cap_20260418_160236_337__mass__p2__cnn-pct__gt-6929__read-44.png,,%,,mass,2,cap_20260418_160236_337.png,False
_unverified\cap_20260418_160331_338__mass__p0__cnn-1__gt-11746__read-1748.png,,1,,mass,0,cap_20260418_160331_338.png,False
_unverified\cap_20260418_160331_338__mass__p1__cnn-7__gt-11746__read-1748.png,,7,,mass,1,cap_20260418_160331_338.png,False
_unverified\cap_20260418_160331_338__mass__p2__cnn-4__gt-11746__read-1748.png,,4,,mass,2,cap_20260418_160331_338.png,False
_unverified\cap_20260418_160331_338__mass__p3__cnn-8__gt-11746__read-1748.png,,8,,mass,3,cap_20260418_160331_338.png,False
_unverified\cap_20260418_160331_338__resistance__p0__cnn-9__gt-19__read-59.png,,9,,resistance,0,cap_20260418_160331_338.png,False
_unverified\cap_20260418_160331_338__resistance__p1__cnn-5__gt-19__read-59.png,,5,,resistance,1,cap_20260418_160331_338.png,False
_unverified\cap_20260418_160331_338__resistance__p2__cnn-dot__gt-19__read-59.png,,.,,resistance,2,cap_20260418_160331_338.png,False
_unverified\cap_20260418_160331_338__instability__p0__cnn-5__gt-17.83__read-None.png,,5,,instability,0,cap_20260418_160331_338.png,False
_unverified\cap_20260418_160331_338__instability__p1__cnn-dot__gt-17.83__read-None.png,,.,,instability,1,cap_20260418_160331_338.png,False
_unverified\cap_20260418_160331_338__instability__p2__cnn-8__gt-17.83__read-None.png,,8,,instability,2,cap_20260418_160331_338.png,False
_unverified\cap_20260418_160331_338__instability__p3__cnn-3__gt-17.83__read-None.png,,3,,instability,3,cap_20260418_160331_338.png,False
_unverified\cap_20260418_160336_686__mass__p0__cnn-5__gt-11748__read-None.png,,5,,mass,0,cap_20260418_160336_686.png,False
_unverified\cap_20260418_160336_686__mass__p1__cnn-0__gt-11748__read-None.png,,0,,mass,1,cap_20260418_160336_686.png,False
1\cap_20260418_160349_019__mass__p0__cnn-1__ok.png,1,1,True,mass,0,cap_20260418_160349_019.png,True
0\cap_20260418_160349_019__mass__p1__cnn-0__ok.png,0,0,True,mass,1,cap_20260418_160349_019.png,True
9\cap_20260418_160349_019__mass__p2__cnn-9__ok.png,9,9,True,mass,2,cap_20260418_160349_019.png,True
6\cap_20260418_160349_019__mass__p3__cnn-6__ok.png,6,6,True,mass,3,cap_20260418_160349_019.png,True
9\cap_20260418_160349_019__mass__p4__cnn-9__ok.png,9,9,True,mass,4,cap_20260418_160349_019.png,True
_unverified\cap_20260418_160349_019__resistance__p0__cnn-2__gt-22__read-22.png,,2,,resistance,0,cap_20260418_160349_019.png,False
_unverified\cap_20260418_160349_019__resistance__p1__cnn-2__gt-22__read-22.png,,2,,resistance,1,cap_20260418_160349_019.png,False
_unverified\cap_20260418_160349_019__resistance__p2__cnn-5__gt-22__read-22.png,,5,,resistance,2,cap_20260418_160349_019.png,False
_unverified\cap_20260418_160349_019__resistance__p3__cnn-pct__gt-22__read-22.png,,%,,resistance,3,cap_20260418_160349_019.png,False
_unverified\cap_20260418_160349_019__instability__p0__cnn-2__gt-22.58__read-20.58.png,,2,,instability,0,cap_20260418_160349_019.png,False
_unverified\cap_20260418_160349_019__instability__p1__cnn-0__gt-22.58__read-20.58.png,,0,,instability,1,cap_20260418_160349_019.png,False
_unverified\cap_20260418_160349_019__instability__p2__cnn-dot__gt-22.58__read-20.58.png,,.,,instability,2,cap_20260418_160349_019.png,False
_unverified\cap_20260418_160349_019__instability__p3__cnn-5__gt-22.58__read-20.58.png,,5,,instability,3,cap_20260418_160349_019.png,False
_unverified\cap_20260418_160349_019__instability__p4__cnn-8__gt-22.58__read-20.58.png,,8,,instability,4,cap_20260418_160349_019.png,False
1\cap_20260418_160356_883__mass__p0__cnn-1__ok.png,1,1,True,mass,0,cap_20260418_160356_883.png,True
3\cap_20260418_160356_883__mass__p1__cnn-3__ok.png,3,3,True,mass,1,cap_20260418_160356_883.png,True
7\cap_20260418_160356_883__mass__p2__cnn-7__ok.png,7,7,True,mass,2,cap_20260418_160356_883.png,True
8\cap_20260418_160356_883__mass__p3__cnn-8__ok.png,8,8,True,mass,3,cap_20260418_160356_883.png,True
4\cap_20260418_160356_883__mass__p4__cnn-4__ok.png,4,4,True,mass,4,cap_20260418_160356_883.png,True
_unverified\cap_20260418_160356_883__resistance__p0__cnn-2__gt-21__read-21.png,,2,,resistance,0,cap_20260418_160356_883.png,False
_unverified\cap_20260418_160356_883__resistance__p1__cnn-1__gt-21__read-21.png,,1,,resistance,1,cap_20260418_160356_883.png,False
_unverified\cap_20260418_160356_883__resistance__p2__cnn-5__gt-21__read-21.png,,5,,resistance,2,cap_20260418_160356_883.png,False
_unverified\cap_20260418_160356_883__resistance__p3__cnn-5__gt-21__read-21.png,,5,,resistance,3,cap_20260418_160356_883.png,False
1\cap_20260418_160356_883__instability__p0__cnn-1__ok.png,1,1,True,instability,0,cap_20260418_160356_883.png,True
9\cap_20260418_160356_883__instability__p1__cnn-9__ok.png,9,9,True,instability,1,cap_20260418_160356_883.png,True
dot\cap_20260418_160356_883__instability__p2__cnn-dot__ok.png,.,.,True,instability,2,cap_20260418_160356_883.png,True
0\cap_20260418_160356_883__instability__p3__cnn-0__ok.png,0,0,True,instability,3,cap_20260418_160356_883.png,True
8\cap_20260418_160356_883__instability__p4__cnn-8__ok.png,8,8,True,instability,4,cap_20260418_160356_883.png,True
1\cap_20260418_160402_808__mass__p0__cnn-1__ok.png,1,1,True,mass,0,cap_20260418_160402_808.png,True
1\cap_20260418_160402_808__mass__p1__cnn-1__ok.png,1,1,True,mass,1,cap_20260418_160402_808.png,True
7\cap_20260418_160402_808__mass__p2__cnn-7__ok.png,7,7,True,mass,2,cap_20260418_160402_808.png,True
4\cap_20260418_160402_808__mass__p3__cnn-4__ok.png,4,4,True,mass,3,cap_20260418_160402_808.png,True
8\cap_20260418_160402_808__mass__p4__cnn-8__ok.png,8,8,True,mass,4,cap_20260418_160402_808.png,True
_unverified\cap_20260418_160402_808__resistance__p0__cnn-1__gt-19__read-19.png,,1,,resistance,0,cap_20260418_160402_808.png,False
_unverified\cap_20260418_160402_808__resistance__p1__cnn-9__gt-19__read-19.png,,9,,resistance,1,cap_20260418_160402_808.png,False
_unverified\cap_20260418_160402_808__resistance__p2__cnn-5__gt-19__read-19.png,,5,,resistance,2,cap_20260418_160402_808.png,False
_unverified\cap_20260418_160402_808__resistance__p3__cnn-pct__gt-19__read-19.png,,%,,resistance,3,cap_20260418_160402_808.png,False
1\cap_20260418_160402_808__instability__p0__cnn-1__ok.png,1,1,True,instability,0,cap_20260418_160402_808.png,True
7\cap_20260418_160402_808__instability__p1__cnn-7__ok.png,7,7,True,instability,1,cap_20260418_160402_808.png,True
dot\cap_20260418_160402_808__instability__p2__cnn-dot__ok.png,.,.,True,instability,2,cap_20260418_160402_808.png,True
8\cap_20260418_160402_808__instability__p3__cnn-8__ok.png,8,8,True,instability,3,cap_20260418_160402_808.png,True
3\cap_20260418_160402_808__instability__p4__cnn-3__ok.png,3,3,True,instability,4,cap_20260418_160402_808.png,True
2\cap_20260418_170509_245__mass__p0__cnn-2__ok.png,2,2,True,mass,0,cap_20260418_170509_245.png,True
7\cap_20260418_170509_245__mass__p1__cnn-7__ok.png,7,7,True,mass,1,cap_20260418_170509_245.png,True
2\cap_20260418_170509_245__mass__p2__cnn-2__ok.png,2,2,True,mass,2,cap_20260418_170509_245.png,True
6\cap_20260418_170509_245__mass__p3__cnn-6__ok.png,6,6,True,mass,3,cap_20260418_170509_245.png,True
5\cap_20260418_170509_245__mass__p4__cnn-5__ok.png,5,5,True,mass,4,cap_20260418_170509_245.png,True
_unverified\cap_20260418_170509_245__resistance__p0__cnn-4__gt-46__read-46.png,,4,,resistance,0,cap_20260418_170509_245.png,False
_unverified\cap_20260418_170509_245__resistance__p1__cnn-6__gt-46__read-46.png,,6,,resistance,1,cap_20260418_170509_245.png,False
_unverified\cap_20260418_170509_245__resistance__p2__cnn-pct__gt-46__read-46.png,,%,,resistance,2,cap_20260418_170509_245.png,False
_unverified\cap_20260418_170509_245__resistance__p3__cnn-pct__gt-46__read-46.png,,%,,resistance,3,cap_20260418_170509_245.png,False
2\cap_20260418_170509_245__instability__p0__cnn-2__ok.png,2,2,True,instability,0,cap_20260418_170509_245.png,True
8\cap_20260418_170509_245__instability__p1__cnn-8__ok.png,8,8,True,instability,1,cap_20260418_170509_245.png,True
2\cap_20260418_170509_245__instability__p2__cnn-2__ok.png,2,2,True,instability,2,cap_20260418_170509_245.png,True
dot\cap_20260418_170509_245__instability__p3__cnn-dot__ok.png,.,.,True,instability,3,cap_20260418_170509_245.png,True
0\cap_20260418_170509_245__instability__p4__cnn-0__ok.png,0,0,True,instability,4,cap_20260418_170509_245.png,True
2\cap_20260418_170509_245__instability__p5__cnn-2__ok.png,2,2,True,instability,5,cap_20260418_170509_245.png,True
2\cap_20260418_170511_666__mass__p0__cnn-2__ok.png,2,2,True,mass,0,cap_20260418_170511_666.png,True
7\cap_20260418_170511_666__mass__p1__cnn-7__ok.png,7,7,True,mass,1,cap_20260418_170511_666.png,True
2\cap_20260418_170511_666__mass__p2__cnn-2__ok.png,2,2,True,mass,2,cap_20260418_170511_666.png,True
6\cap_20260418_170511_666__mass__p3__cnn-6__ok.png,6,6,True,mass,3,cap_20260418_170511_666.png,True
5\cap_20260418_170511_666__mass__p4__cnn-5__ok.png,5,5,True,mass,4,cap_20260418_170511_666.png,True
4\cap_20260418_170511_666__resistance__p0__cnn-4__ok.png,4,4,True,resistance,0,cap_20260418_170511_666.png,True
6\cap_20260418_170511_666__resistance__p1__cnn-6__ok.png,6,6,True,resistance,1,cap_20260418_170511_666.png,True
pct\cap_20260418_170511_666__resistance__p2__cnn-pct__ok.png,%,%,True,resistance,2,cap_20260418_170511_666.png,True
_unverified\cap_20260418_170511_666__instability__p0__cnn-2__gt-282.02__read-28.28.png,,2,,instability,0,cap_20260418_170511_666.png,False
_unverified\cap_20260418_170511_666__instability__p1__cnn-8__gt-282.02__read-28.28.png,,8,,instability,1,cap_20260418_170511_666.png,False
_unverified\cap_20260418_170511_666__instability__p2__cnn-2__gt-282.02__read-28.28.png,,2,,instability,2,cap_20260418_170511_666.png,False
_unverified\cap_20260418_170511_666__instability__p3__cnn-dot__gt-282.02__read-28.28.png,,.,,instability,3,cap_20260418_170511_666.png,False
_unverified\cap_20260418_170511_666__instability__p4__cnn-0__gt-282.02__read-28.28.png,,0,,instability,4,cap_20260418_170511_666.png,False
_unverified\cap_20260418_170511_666__instability__p5__cnn-2__gt-282.02__read-28.28.png,,2,,instability,5,cap_20260418_170511_666.png,False
_unverified\cap_20260418_170515_952__mass__p0__cnn-1__gt-28265__read-1508.png,,1,,mass,0,cap_20260418_170515_952.png,False
_unverified\cap_20260418_170515_952__mass__p1__cnn-5__gt-28265__read-1508.png,,5,,mass,1,cap_20260418_170515_952.png,False
_unverified\cap_20260418_170515_952__mass__p2__cnn-8__gt-28265__read-1508.png,,8,,mass,2,cap_20260418_170515_952.png,False
_unverified\cap_20260418_170515_952__mass__p3__cnn-8__gt-28265__read-1508.png,,8,,mass,3,cap_20260418_170515_952.png,False
_unverified\cap_20260418_170515_952__resistance__p0__cnn-3__gt-46__read-51.png,,3,,resistance,0,cap_20260418_170515_952.png,False
_unverified\cap_20260418_170515_952__resistance__p1__cnn-pct__gt-46__read-51.png,,%,,resistance,1,cap_20260418_170515_952.png,False
_unverified\cap_20260418_170515_952__instability__p0__cnn-dot__gt-282.02__read-None.png,,.,,instability,0,cap_20260418_170515_952.png,False
_unverified\cap_20260418_170515_952__instability__p1__cnn-dot__gt-282.02__read-None.png,,.,,instability,1,cap_20260418_170515_952.png,False
_unverified\cap_20260418_170515_952__instability__p2__cnn-dot__gt-282.02__read-None.png,,.,,instability,2,cap_20260418_170515_952.png,False
_unverified\cap_20260418_170515_952__instability__p3__cnn-dot__gt-282.02__read-None.png,,.,,instability,3,cap_20260418_170515_952.png,False
_unverified\cap_20260418_170515_952__instability__p4__cnn-dot__gt-282.02__read-None.png,,.,,instability,4,cap_20260418_170515_952.png,False
_unverified\cap_20260418_170515_952__instability__p5__cnn-dot__gt-282.02__read-None.png,,.,,instability,5,cap_20260418_170515_952.png,False
_unverified\cap_20260418_170515_952__instability__p6__cnn-dot__gt-282.02__read-None.png,,.,,instability,6,cap_20260418_170515_952.png,False
_unverified\cap_20260418_170515_952__instability__p7__cnn-dot__gt-282.02__read-None.png,,.,,instability,7,cap_20260418_170515_952.png,False
_unverified\cap_20260418_170515_952__instability__p8__cnn-9__gt-282.02__read-None.png,,9,,instability,8,cap_20260418_170515_952.png,False
_unverified\cap_20260418_170515_952__instability__p9__cnn-9__gt-282.02__read-None.png,,9,,instability,9,cap_20260418_170515_952.png,False
_unverified\cap_20260418_170515_952__instability__p10__cnn-dot__gt-282.02__read-None.png,,.,,instability,10,cap_20260418_170515_952.png,False
_unverified\cap_20260418_170525_629__mass__p0__cnn-3__gt-27265__read-1.png,,3,,mass,0,cap_20260418_170525_629.png,False
_unverified\cap_20260418_170525_629__mass__p1__cnn-dot__gt-27265__read-1.png,,.,,mass,1,cap_20260418_170525_629.png,False
_unverified\cap_20260418_170525_629__resistance__p0__cnn-dot__gt-46__read-0.png,,.,,resistance,0,cap_20260418_170525_629.png,False
_unverified\cap_20260418_170525_629__resistance__p1__cnn-2__gt-46__read-0.png,,2,,resistance,1,cap_20260418_170525_629.png,False
_unverified\cap_20260418_170525_629__instability__p0__cnn-pct__gt-282.02__read-None.png,,%,,instability,0,cap_20260418_170525_629.png,False
6\cap_20260418_170553_235__mass__p0__cnn-6__ok.png,6,6,True,mass,0,cap_20260418_170553_235.png,True
0\cap_20260418_170553_235__mass__p1__cnn-0__ok.png,0,0,True,mass,1,cap_20260418_170553_235.png,True
9\cap_20260418_170553_235__mass__p2__cnn-9__ok.png,9,9,True,mass,2,cap_20260418_170553_235.png,True
6\cap_20260418_170553_235__mass__p3__cnn-6__ok.png,6,6,True,mass,3,cap_20260418_170553_235.png,True
0\cap_20260418_170553_235__mass__p4__cnn-0__ok.png,0,0,True,mass,4,cap_20260418_170553_235.png,True
7\cap_20260418_170553_235__resistance__p0__cnn-7__ok.png,7,7,True,resistance,0,cap_20260418_170553_235.png,True
9\cap_20260418_170553_235__resistance__p1__cnn-9__ok.png,9,9,True,resistance,1,cap_20260418_170553_235.png,True
pct\cap_20260418_170553_235__resistance__p2__cnn-pct__ok.png,%,%,True,resistance,2,cap_20260418_170553_235.png,True
_unverified\cap_20260418_170553_235__instability__p0__cnn-5__gt-586.12__read-5.86.png,,5,,instability,0,cap_20260418_170553_235.png,False
_unverified\cap_20260418_170553_235__instability__p1__cnn-8__gt-586.12__read-5.86.png,,8,,instability,1,cap_20260418_170553_235.png,False
_unverified\cap_20260418_170553_235__instability__p2__cnn-6__gt-586.12__read-5.86.png,,6,,instability,2,cap_20260418_170553_235.png,False
_unverified\cap_20260418_170553_235__instability__p3__cnn-dot__gt-586.12__read-5.86.png,,.,,instability,3,cap_20260418_170553_235.png,False
_unverified\cap_20260418_170553_235__instability__p4__cnn-1__gt-586.12__read-5.86.png,,1,,instability,4,cap_20260418_170553_235.png,False
_unverified\cap_20260418_170553_235__instability__p5__cnn-2__gt-586.12__read-5.86.png,,2,,instability,5,cap_20260418_170553_235.png,False
_unverified\cap_20260418_170555_507__mass__p0__cnn-8__gt-60960__read-None.png,,8,,mass,0,cap_20260418_170555_507.png,False
_unverified\cap_20260418_170555_507__mass__p1__cnn-0__gt-60960__read-None.png,,0,,mass,1,cap_20260418_170555_507.png,False
_unverified\cap_20260418_170555_507__resistance__p0__cnn-dot__gt-79__read-0.png,,.,,resistance,0,cap_20260418_170555_507.png,False
_unverified\cap_20260418_170555_507__instability__p0__cnn-0__gt-586.12__read-None.png,,0,,instability,0,cap_20260418_170555_507.png,False
8\cap_20260418_173435_418__mass__p0__cnn-8__ok.png,8,8,True,mass,0,cap_20260418_173435_418.png,True
5\cap_20260418_173435_418__mass__p1__cnn-5__ok.png,5,5,True,mass,1,cap_20260418_173435_418.png,True
9\cap_20260418_173435_418__mass__p2__cnn-9__ok.png,9,9,True,mass,2,cap_20260418_173435_418.png,True
0\cap_20260418_173435_418__mass__p3__cnn-0__ok.png,0,0,True,mass,3,cap_20260418_173435_418.png,True
_unverified\cap_20260418_173435_418__resistance__p0__cnn-6__gt-60__read-60.png,,6,,resistance,0,cap_20260418_173435_418.png,False
_unverified\cap_20260418_173435_418__resistance__p1__cnn-0__gt-60__read-60.png,,0,,resistance,1,cap_20260418_173435_418.png,False
_unverified\cap_20260418_173435_418__resistance__p2__cnn-5__gt-60__read-60.png,,5,,resistance,2,cap_20260418_173435_418.png,False
_unverified\cap_20260418_173435_418__resistance__p3__cnn-pct__gt-60__read-60.png,,%,,resistance,3,cap_20260418_173435_418.png,False
1\cap_20260418_173435_418__instability__p0__cnn-1__ok.png,1,1,True,instability,0,cap_20260418_173435_418.png,True
9\cap_20260418_173435_418__instability__p1__cnn-9__ok.png,9,9,True,instability,1,cap_20260418_173435_418.png,True
8\cap_20260418_173435_418__instability__p2__cnn-8__ok.png,8,8,True,instability,2,cap_20260418_173435_418.png,True
dot\cap_20260418_173435_418__instability__p3__cnn-dot__ok.png,.,.,True,instability,3,cap_20260418_173435_418.png,True
3\cap_20260418_173435_418__instability__p4__cnn-3__ok.png,3,3,True,instability,4,cap_20260418_173435_418.png,True
5\cap_20260418_173435_418__instability__p5__cnn-5__ok.png,5,5,True,instability,5,cap_20260418_173435_418.png,True
_unverified\cap_20260418_173437_328__mass__p0__cnn-0__gt-8590__read-None.png,,0,,mass,0,cap_20260418_173437_328.png,False
_unverified\cap_20260418_173437_328__mass__p1__cnn-2__gt-8590__read-None.png,,2,,mass,1,cap_20260418_173437_328.png,False
_unverified\cap_20260418_173437_328__mass__p2__cnn-dot__gt-8590__read-None.png,,.,,mass,2,cap_20260418_173437_328.png,False
_unverified\cap_20260418_173437_328__resistance__p0__cnn-5__gt-60__read-58.png,,5,,resistance,0,cap_20260418_173437_328.png,False
_unverified\cap_20260418_173437_328__resistance__p1__cnn-8__gt-60__read-58.png,,8,,resistance,1,cap_20260418_173437_328.png,False
_unverified\cap_20260418_173437_328__resistance__p2__cnn-0__gt-60__read-58.png,,0,,resistance,2,cap_20260418_173437_328.png,False
_unverified\cap_20260418_173437_328__resistance__p3__cnn-pct__gt-60__read-58.png,,%,,resistance,3,cap_20260418_173437_328.png,False
_unverified\cap_20260418_173437_328__instability__p0__cnn-5__gt-198.35__read-196.35.png,,5,,instability,0,cap_20260418_173437_328.png,False
_unverified\cap_20260418_173437_328__instability__p1__cnn-1__gt-198.35__read-196.35.png,,1,,instability,1,cap_20260418_173437_328.png,False
_unverified\cap_20260418_173437_328__instability__p2__cnn-9__gt-198.35__read-196.35.png,,9,,instability,2,cap_20260418_173437_328.png,False
_unverified\cap_20260418_173437_328__instability__p3__cnn-8__gt-198.35__read-196.35.png,,8,,instability,3,cap_20260418_173437_328.png,False
_unverified\cap_20260418_173437_328__instability__p4__cnn-dot__gt-198.35__read-196.35.png,,.,,instability,4,cap_20260418_173437_328.png,False
_unverified\cap_20260418_173437_328__instability__p5__cnn-3__gt-198.35__read-196.35.png,,3,,instability,5,cap_20260418_173437_328.png,False
_unverified\cap_20260418_173437_328__instability__p6__cnn-5__gt-198.35__read-196.35.png,,5,,instability,6,cap_20260418_173437_328.png,False
3\cap_20260418_173452_062__mass__p0__cnn-3__ok.png,3,3,True,mass,0,cap_20260418_173452_062.png,True
6\cap_20260418_173452_062__mass__p1__cnn-6__ok.png,6,6,True,mass,1,cap_20260418_173452_062.png,True
9\cap_20260418_173452_062__mass__p2__cnn-9__ok.png,9,9,True,mass,2,cap_20260418_173452_062.png,True
4\cap_20260418_173452_062__mass__p3__cnn-4__ok.png,4,4,True,mass,3,cap_20260418_173452_062.png,True
_unverified\cap_20260418_173452_062__resistance__p0__cnn-4__gt-47__read-47.png,,4,,resistance,0,cap_20260418_173452_062.png,False
_unverified\cap_20260418_173452_062__resistance__p1__cnn-7__gt-47__read-47.png,,7,,resistance,1,cap_20260418_173452_062.png,False
_unverified\cap_20260418_173452_062__resistance__p2__cnn-5__gt-47__read-47.png,,5,,resistance,2,cap_20260418_173452_062.png,False
_unverified\cap_20260418_173452_062__resistance__p3__cnn-pct__gt-47__read-47.png,,%,,resistance,3,cap_20260418_173452_062.png,False
_unverified\cap_20260418_173452_062__instability__p0__cnn-pct__gt-69.11__read-None.png,,%,,instability,0,cap_20260418_173452_062.png,False
_unverified\cap_20260418_173452_062__instability__p1__cnn-dot__gt-69.11__read-None.png,,.,,instability,1,cap_20260418_173452_062.png,False
_unverified\cap_20260418_173452_062__instability__p2__cnn-1__gt-69.11__read-None.png,,1,,instability,2,cap_20260418_173452_062.png,False
_unverified\cap_20260418_173452_062__instability__p3__cnn-1__gt-69.11__read-None.png,,1,,instability,3,cap_20260418_173452_062.png,False
_unverified\cap_20260418_173454_203__mass__p0__cnn-4__gt-3694__read-None.png,,4,,mass,0,cap_20260418_173454_203.png,False
_unverified\cap_20260418_173454_203__mass__p1__cnn-dot__gt-3694__read-None.png,,.,,mass,1,cap_20260418_173454_203.png,False
4\cap_20260418_173454_203__resistance__p0__cnn-4__ok.png,4,4,True,resistance,0,cap_20260418_173454_203.png,True
7\cap_20260418_173454_203__resistance__p1__cnn-7__ok.png,7,7,True,resistance,1,cap_20260418_173454_203.png,True
pct\cap_20260418_173454_203__resistance__p2__cnn-pct__ok.png,%,%,True,resistance,2,cap_20260418_173454_203.png,True
_unverified\cap_20260418_173454_203__instability__p0__cnn-1__gt-69.11__read-None.png,,1,,instability,0,cap_20260418_173454_203.png,False
_unverified\cap_20260418_173454_203__instability__p1__cnn-3__gt-69.11__read-None.png,,3,,instability,1,cap_20260418_173454_203.png,False
2\cap_20260418_173641_498__mass__p0__cnn-2__ok.png,2,2,True,mass,0,cap_20260418_173641_498.png,True
9\cap_20260418_173641_498__mass__p1__cnn-9__ok.png,9,9,True,mass,1,cap_20260418_173641_498.png,True
0\cap_20260418_173641_498__mass__p2__cnn-0__ok.png,0,0,True,mass,2,cap_20260418_173641_498.png,True
4\cap_20260418_173641_498__mass__p3__cnn-4__ok.png,4,4,True,mass,3,cap_20260418_173641_498.png,True
4\cap_20260418_173641_498__resistance__p0__cnn-4__ok.png,4,4,True,resistance,0,cap_20260418_173641_498.png,True
8\cap_20260418_173641_498__resistance__p1__cnn-8__ok.png,8,8,True,resistance,1,cap_20260418_173641_498.png,True
pct\cap_20260418_173641_498__resistance__p2__cnn-pct__ok.png,%,%,True,resistance,2,cap_20260418_173641_498.png,True
5\cap_20260418_173641_498__instability__p0__cnn-5__ok.png,5,5,True,instability,0,cap_20260418_173641_498.png,True
4\cap_20260418_173641_498__instability__p1__cnn-4__ok.png,4,4,True,instability,1,cap_20260418_173641_498.png,True
dot\cap_20260418_173641_498__instability__p2__cnn-dot__ok.png,.,.,True,instability,2,cap_20260418_173641_498.png,True
4\cap_20260418_173641_498__instability__p3__cnn-4__ok.png,4,4,True,instability,3,cap_20260418_173641_498.png,True
9\cap_20260418_173641_498__instability__p4__cnn-9__ok.png,9,9,True,instability,4,cap_20260418_173641_498.png,True
_unverified\cap_20260418_173643_867__mass__p0__cnn-3__gt-2904__read-99.png,,3,,mass,0,cap_20260418_173643_867.png,False
_unverified\cap_20260418_173643_867__mass__p1__cnn-5__gt-2904__read-99.png,,5,,mass,1,cap_20260418_173643_867.png,False
_unverified\cap_20260418_173643_867__mass__p2__cnn-8__gt-2904__read-99.png,,8,,mass,2,cap_20260418_173643_867.png,False
_unverified\cap_20260418_173643_867__mass__p3__cnn-5__gt-2904__read-99.png,,5,,mass,3,cap_20260418_173643_867.png,False
_unverified\cap_20260418_173643_867__mass__p4__cnn-9__gt-2904__read-99.png,,9,,mass,4,cap_20260418_173643_867.png,False
_unverified\cap_20260418_173643_867__resistance__p0__cnn-5__gt-48__read-54.png,,5,,resistance,0,cap_20260418_173643_867.png,False
_unverified\cap_20260418_173643_867__resistance__p1__cnn-4__gt-48__read-54.png,,4,,resistance,1,cap_20260418_173643_867.png,False
_unverified\cap_20260418_173643_867__resistance__p2__cnn-dot__gt-48__read-54.png,,.,,resistance,2,cap_20260418_173643_867.png,False
_unverified\cap_20260418_173643_867__resistance__p3__cnn-4__gt-48__read-54.png,,4,,resistance,3,cap_20260418_173643_867.png,False
_unverified\cap_20260418_173643_867__resistance__p4__cnn-9__gt-48__read-54.png,,9,,resistance,4,cap_20260418_173643_867.png,False
_unverified\cap_20260418_173643_867__instability__p0__cnn-5__gt-54.49__read-5.73.png,,5,,instability,0,cap_20260418_173643_867.png,False
_unverified\cap_20260418_173643_867__instability__p1__cnn-7__gt-54.49__read-5.73.png,,7,,instability,1,cap_20260418_173643_867.png,False
_unverified\cap_20260418_173643_867__instability__p2__cnn-dot__gt-54.49__read-5.73.png,,.,,instability,2,cap_20260418_173643_867.png,False
_unverified\cap_20260418_173643_867__instability__p3__cnn-3__gt-54.49__read-5.73.png,,3,,instability,3,cap_20260418_173643_867.png,False
_unverified\cap_20260418_173655_211__mass__p0__cnn-pct__gt-3032__read-3032.png,,%,,mass,0,cap_20260418_173655_211.png,False
_unverified\cap_20260418_173655_211__mass__p1__cnn-3__gt-3032__read-3032.png,,3,,mass,1,cap_20260418_173655_211.png,False
_unverified\cap_20260418_173655_211__mass__p2__cnn-0__gt-3032__read-3032.png,,0,,mass,2,cap_20260418_173655_211.png,False
_unverified\cap_20260418_173655_211__mass__p3__cnn-3__gt-3032__read-3032.png,,3,,mass,3,cap_20260418_173655_211.png,False
_unverified\cap_20260418_173655_211__mass__p4__cnn-2__gt-3032__read-3032.png,,2,,mass,4,cap_20260418_173655_211.png,False
_unverified\cap_20260418_173655_211__resistance__p0__cnn-4__gt-44__read-27.png,,4,,resistance,0,cap_20260418_173655_211.png,False
_unverified\cap_20260418_173655_211__resistance__p1__cnn-0__gt-44__read-27.png,,0,,resistance,1,cap_20260418_173655_211.png,False
_unverified\cap_20260418_173655_211__instability__p0__cnn-6__gt-53.05__read-55.35.png,,6,,instability,0,cap_20260418_173655_211.png,False
_unverified\cap_20260418_173655_211__instability__p1__cnn-7__gt-53.05__read-55.35.png,,7,,instability,1,cap_20260418_173655_211.png,False
_unverified\cap_20260418_173655_211__instability__p2__cnn-7__gt-53.05__read-55.35.png,,7,,instability,2,cap_20260418_173655_211.png,False
_unverified\cap_20260418_173655_211__instability__p3__cnn-5__gt-53.05__read-55.35.png,,5,,instability,3,cap_20260418_173655_211.png,False
_unverified\cap_20260418_173655_211__instability__p4__cnn-3__gt-53.05__read-55.35.png,,3,,instability,4,cap_20260418_173655_211.png,False
_unverified\cap_20260418_173655_211__instability__p5__cnn-dot__gt-53.05__read-55.35.png,,.,,instability,5,cap_20260418_173655_211.png,False
3\cap_20260418_173657_267__mass__p0__cnn-3__ok.png,3,3,True,mass,0,cap_20260418_173657_267.png,True
0\cap_20260418_173657_267__mass__p1__cnn-0__ok.png,0,0,True,mass,1,cap_20260418_173657_267.png,True
3\cap_20260418_173657_267__mass__p2__cnn-3__ok.png,3,3,True,mass,2,cap_20260418_173657_267.png,True
2\cap_20260418_173657_267__mass__p3__cnn-2__ok.png,2,2,True,mass,3,cap_20260418_173657_267.png,True
4\cap_20260418_173657_267__resistance__p0__cnn-4__ok.png,4,4,True,resistance,0,cap_20260418_173657_267.png,True
4\cap_20260418_173657_267__resistance__p1__cnn-4__ok.png,4,4,True,resistance,1,cap_20260418_173657_267.png,True
pct\cap_20260418_173657_267__resistance__p2__cnn-pct__ok.png,%,%,True,resistance,2,cap_20260418_173657_267.png,True
_unverified\cap_20260418_173657_267__instability__p0__cnn-5__gt-53.50__read-53.05.png,,5,,instability,0,cap_20260418_173657_267.png,False
_unverified\cap_20260418_173657_267__instability__p1__cnn-3__gt-53.50__read-53.05.png,,3,,instability,1,cap_20260418_173657_267.png,False
_unverified\cap_20260418_173657_267__instability__p2__cnn-dot__gt-53.50__read-53.05.png,,.,,instability,2,cap_20260418_173657_267.png,False
_unverified\cap_20260418_173657_267__instability__p3__cnn-0__gt-53.50__read-53.05.png,,0,,instability,3,cap_20260418_173657_267.png,False
_unverified\cap_20260418_173657_267__instability__p4__cnn-5__gt-53.50__read-53.05.png,,5,,instability,4,cap_20260418_173657_267.png,False
_unverified\cap_20260418_173701_330__mass__p0__cnn-3__gt-3032__read-None.png,,3,,mass,0,cap_20260418_173701_330.png,False
_unverified\cap_20260418_173701_330__resistance__p0__cnn-3__gt-44__read-0.png,,3,,resistance,0,cap_20260418_173701_330.png,False
_unverified\cap_20260418_173713_096__resistance__p0__cnn-1__gt-56__read-19.png,,1,,resistance,0,cap_20260418_173713_096.png,False
_unverified\cap_20260418_173713_096__resistance__p1__cnn-0__gt-56__read-19.png,,0,,resistance,1,cap_20260418_173713_096.png,False
_unverified\cap_20260418_173713_096__resistance__p2__cnn-0__gt-56__read-19.png,,0,,resistance,2,cap_20260418_173713_096.png,False
_unverified\cap_20260418_173713_096__instability__p0__cnn-dot__gt-59.10__read-None.png,,.,,instability,0,cap_20260418_173713_096.png,False
_unverified\cap_20260418_173713_096__instability__p1__cnn-dot__gt-59.10__read-None.png,,.,,instability,1,cap_20260418_173713_096.png,False
_unverified\cap_20260418_173713_096__instability__p2__cnn-3__gt-59.10__read-None.png,,3,,instability,2,cap_20260418_173713_096.png,False
_unverified\cap_20260418_173713_096__instability__p3__cnn-9__gt-59.10__read-None.png,,9,,instability,3,cap_20260418_173713_096.png,False
_unverified\cap_20260418_173713_096__instability__p4__cnn-dot__gt-59.10__read-None.png,,.,,instability,4,cap_20260418_173713_096.png,False
2\cap_20260418_173715_878__mass__p0__cnn-2__ok.png,2,2,True,mass,0,cap_20260418_173715_878.png,True
6\cap_20260418_173715_878__mass__p1__cnn-6__ok.png,6,6,True,mass,1,cap_20260418_173715_878.png,True
9\cap_20260418_173715_878__mass__p2__cnn-9__ok.png,9,9,True,mass,2,cap_20260418_173715_878.png,True
1\cap_20260418_173715_878__mass__p3__cnn-1__ok.png,1,1,True,mass,3,cap_20260418_173715_878.png,True
_unverified\cap_20260418_173715_878__resistance__p0__cnn-5__gt-56__read-56.png,,5,,resistance,0,cap_20260418_173715_878.png,False
_unverified\cap_20260418_173715_878__resistance__p1__cnn-6__gt-56__read-56.png,,6,,resistance,1,cap_20260418_173715_878.png,False
_unverified\cap_20260418_173715_878__resistance__p2__cnn-5__gt-56__read-56.png,,5,,resistance,2,cap_20260418_173715_878.png,False
_unverified\cap_20260418_173715_878__resistance__p3__cnn-pct__gt-56__read-56.png,,%,,resistance,3,cap_20260418_173715_878.png,False
5\cap_20260418_173715_878__instability__p0__cnn-5__ok.png,5,5,True,instability,0,cap_20260418_173715_878.png,True
9\cap_20260418_173715_878__instability__p1__cnn-9__ok.png,9,9,True,instability,1,cap_20260418_173715_878.png,True
dot\cap_20260418_173715_878__instability__p2__cnn-dot__ok.png,.,.,True,instability,2,cap_20260418_173715_878.png,True
1\cap_20260418_173715_878__instability__p3__cnn-1__ok.png,1,1,True,instability,3,cap_20260418_173715_878.png,True
0\cap_20260418_173715_878__instability__p4__cnn-0__ok.png,0,0,True,instability,4,cap_20260418_173715_878.png,True
2\cap_20260418_173815_710__mass__p0__cnn-2__ok.png,2,2,True,mass,0,cap_20260418_173815_710.png,True
5\cap_20260418_173815_710__mass__p1__cnn-5__ok.png,5,5,True,mass,1,cap_20260418_173815_710.png,True
9\cap_20260418_173815_710__mass__p2__cnn-9__ok.png,9,9,True,mass,2,cap_20260418_173815_710.png,True
1\cap_20260418_173815_710__mass__p3__cnn-1__ok.png,1,1,True,mass,3,cap_20260418_173815_710.png,True
9\cap_20260418_173815_710__mass__p4__cnn-9__ok.png,9,9,True,mass,4,cap_20260418_173815_710.png,True
_unverified\cap_20260418_173815_710__resistance__p0__cnn-0__gt-9__read-0.png,,0,,resistance,0,cap_20260418_173815_710.png,False
_unverified\cap_20260418_173815_710__resistance__p1__cnn-pct__gt-9__read-0.png,,%,,resistance,1,cap_20260418_173815_710.png,False
3\cap_20260418_173815_710__instability__p0__cnn-3__ok.png,3,3,True,instability,0,cap_20260418_173815_710.png,True
1\cap_20260418_173815_710__instability__p1__cnn-1__ok.png,1,1,True,instability,1,cap_20260418_173815_710.png,True
dot\cap_20260418_173815_710__instability__p2__cnn-dot__ok.png,.,.,True,instability,2,cap_20260418_173815_710.png,True
2\cap_20260418_173815_710__instability__p3__cnn-2__ok.png,2,2,True,instability,3,cap_20260418_173815_710.png,True
1\cap_20260418_173815_710__instability__p4__cnn-1__ok.png,1,1,True,instability,4,cap_20260418_173815_710.png,True
_unverified\cap_20260418_173818_163__mass__p0__cnn-2__gt-25919__read-None.png,,2,,mass,0,cap_20260418_173818_163.png,False
_unverified\cap_20260418_173818_163__mass__p1__cnn-dot__gt-25919__read-None.png,,.,,mass,1,cap_20260418_173818_163.png,False
_unverified\cap_20260418_173818_163__mass__p2__cnn-dot__gt-25919__read-None.png,,.,,mass,2,cap_20260418_173818_163.png,False
_unverified\cap_20260418_173818_163__mass__p3__cnn-dot__gt-25919__read-None.png,,.,,mass,3,cap_20260418_173818_163.png,False
_unverified\cap_20260418_173818_163__mass__p4__cnn-dot__gt-25919__read-None.png,,.,,mass,4,cap_20260418_173818_163.png,False
_unverified\cap_20260418_173818_163__mass__p5__cnn-dot__gt-25919__read-None.png,,.,,mass,5,cap_20260418_173818_163.png,False
_unverified\cap_20260418_173818_163__instability__p0__cnn-0__gt-31.21__read-None.png,,0,,instability,0,cap_20260418_173818_163.png,False
_unverified\cap_20260418_173818_163__instability__p1__cnn-dot__gt-31.21__read-None.png,,.,,instability,1,cap_20260418_173818_163.png,False
7\cap_20260418_173826_484__mass__p0__cnn-7__ok.png,7,7,True,mass,0,cap_20260418_173826_484.png,True
2\cap_20260418_173826_484__mass__p1__cnn-2__ok.png,2,2,True,mass,1,cap_20260418_173826_484.png,True
6\cap_20260418_173826_484__mass__p2__cnn-6__ok.png,6,6,True,mass,2,cap_20260418_173826_484.png,True
0\cap_20260418_173826_484__mass__p3__cnn-0__ok.png,0,0,True,mass,3,cap_20260418_173826_484.png,True
8\cap_20260418_173826_484__instability__p0__cnn-8__ok.png,8,8,True,instability,0,cap_20260418_173826_484.png,True
dot\cap_20260418_173826_484__instability__p1__cnn-dot__ok.png,.,.,True,instability,1,cap_20260418_173826_484.png,True
0\cap_20260418_173826_484__instability__p2__cnn-0__ok.png,0,0,True,instability,2,cap_20260418_173826_484.png,True
1\cap_20260418_173826_484__instability__p3__cnn-1__ok.png,1,1,True,instability,3,cap_20260418_173826_484.png,True
7\cap_20260418_173830_446__mass__p0__cnn-7__ok.png,7,7,True,mass,0,cap_20260418_173830_446.png,True
2\cap_20260418_173830_446__mass__p1__cnn-2__ok.png,2,2,True,mass,1,cap_20260418_173830_446.png,True
6\cap_20260418_173830_446__mass__p2__cnn-6__ok.png,6,6,True,mass,2,cap_20260418_173830_446.png,True
0\cap_20260418_173830_446__mass__p3__cnn-0__ok.png,0,0,True,mass,3,cap_20260418_173830_446.png,True
_unverified\cap_20260418_173830_446__instability__p0__cnn-1__gt-8.01__read-None.png,,1,,instability,0,cap_20260418_173830_446.png,False
_unverified\cap_20260418_173830_446__instability__p1__cnn-4__gt-8.01__read-None.png,,4,,instability,1,cap_20260418_173830_446.png,False
_unverified\cap_20260418_173832_930__instability__p0__cnn-5__gt-8.01__read-None.png,,5,,instability,0,cap_20260418_173832_930.png,False
8\cap_20260418_173845_011__mass__p0__cnn-8__ok.png,8,8,True,mass,0,cap_20260418_173845_011.png,True
6\cap_20260418_173845_011__mass__p1__cnn-6__ok.png,6,6,True,mass,1,cap_20260418_173845_011.png,True
4\cap_20260418_173845_011__mass__p2__cnn-4__ok.png,4,4,True,mass,2,cap_20260418_173845_011.png,True
2\cap_20260418_173845_011__mass__p3__cnn-2__ok.png,2,2,True,mass,3,cap_20260418_173845_011.png,True
1\cap_20260418_173845_011__instability__p0__cnn-1__ok.png,1,1,True,instability,0,cap_20260418_173845_011.png,True
0\cap_20260418_173845_011__instability__p1__cnn-0__ok.png,0,0,True,instability,1,cap_20260418_173845_011.png,True
dot\cap_20260418_173845_011__instability__p2__cnn-dot__ok.png,.,.,True,instability,2,cap_20260418_173845_011.png,True
5\cap_20260418_173845_011__instability__p3__cnn-5__ok.png,5,5,True,instability,3,cap_20260418_173845_011.png,True
8\cap_20260418_173845_011__instability__p4__cnn-8__ok.png,8,8,True,instability,4,cap_20260418_173845_011.png,True
8\cap_20260418_173847_978__mass__p0__cnn-8__ok.png,8,8,True,mass,0,cap_20260418_173847_978.png,True
6\cap_20260418_173847_978__mass__p1__cnn-6__ok.png,6,6,True,mass,1,cap_20260418_173847_978.png,True
4\cap_20260418_173847_978__mass__p2__cnn-4__ok.png,4,4,True,mass,2,cap_20260418_173847_978.png,True
2\cap_20260418_173847_978__mass__p3__cnn-2__ok.png,2,2,True,mass,3,cap_20260418_173847_978.png,True
1\cap_20260418_173847_978__instability__p0__cnn-1__ok.png,1,1,True,instability,0,cap_20260418_173847_978.png,True
0\cap_20260418_173847_978__instability__p1__cnn-0__ok.png,0,0,True,instability,1,cap_20260418_173847_978.png,True
dot\cap_20260418_173847_978__instability__p2__cnn-dot__ok.png,.,.,True,instability,2,cap_20260418_173847_978.png,True
5\cap_20260418_173847_978__instability__p3__cnn-5__ok.png,5,5,True,instability,3,cap_20260418_173847_978.png,True
8\cap_20260418_173847_978__instability__p4__cnn-8__ok.png,8,8,True,instability,4,cap_20260418_173847_978.png,True
1\cap_20260418_173856_523__mass__p0__cnn-dot__X.png,1,.,False,mass,0,cap_20260418_173856_523.png,True
3\cap_20260418_173856_523__mass__p1__cnn-3__ok.png,3,3,True,mass,1,cap_20260418_173856_523.png,True
5\cap_20260418_173856_523__mass__p2__cnn-5__ok.png,5,5,True,mass,2,cap_20260418_173856_523.png,True
2\cap_20260418_173856_523__mass__p3__cnn-2__ok.png,2,2,True,mass,3,cap_20260418_173856_523.png,True
9\cap_20260418_173856_523__mass__p4__cnn-9__ok.png,9,9,True,mass,4,cap_20260418_173856_523.png,True
1\cap_20260418_173856_523__instability__p0__cnn-1__ok.png,1,1,True,instability,0,cap_20260418_173856_523.png,True
6\cap_20260418_173856_523__instability__p1__cnn-6__ok.png,6,6,True,instability,1,cap_20260418_173856_523.png,True
dot\cap_20260418_173856_523__instability__p2__cnn-dot__ok.png,.,.,True,instability,2,cap_20260418_173856_523.png,True
2\cap_20260418_173856_523__instability__p3__cnn-2__ok.png,2,2,True,instability,3,cap_20260418_173856_523.png,True
6\cap_20260418_173856_523__instability__p4__cnn-6__ok.png,6,6,True,instability,4,cap_20260418_173856_523.png,True
_unverified\cap_20260418_173858_693__mass__p0__cnn-dot__gt-13529__read-3529.png,,.,,mass,0,cap_20260418_173858_693.png,False
_unverified\cap_20260418_173858_693__mass__p1__cnn-3__gt-13529__read-3529.png,,3,,mass,1,cap_20260418_173858_693.png,False
_unverified\cap_20260418_173858_693__mass__p2__cnn-5__gt-13529__read-3529.png,,5,,mass,2,cap_20260418_173858_693.png,False
_unverified\cap_20260418_173858_693__mass__p3__cnn-2__gt-13529__read-3529.png,,2,,mass,3,cap_20260418_173858_693.png,False
_unverified\cap_20260418_173858_693__mass__p4__cnn-9__gt-13529__read-3529.png,,9,,mass,4,cap_20260418_173858_693.png,False
_unverified\cap_20260418_173858_693__instability__p0__cnn-3__gt-16.26__read-57.57.png,,3,,instability,0,cap_20260418_173858_693.png,False
_unverified\cap_20260418_173858_693__instability__p1__cnn-3__gt-16.26__read-57.57.png,,3,,instability,1,cap_20260418_173858_693.png,False
_unverified\cap_20260418_173858_693__instability__p2__cnn-0__gt-16.26__read-57.57.png,,0,,instability,2,cap_20260418_173858_693.png,False
_unverified\cap_20260418_173858_693__instability__p3__cnn-5__gt-16.26__read-57.57.png,,5,,instability,3,cap_20260418_173858_693.png,False
1\cap_20260418_173922_235__mass__p0__cnn-1__ok.png,1,1,True,mass,0,cap_20260418_173922_235.png,True
2\cap_20260418_173922_235__mass__p1__cnn-2__ok.png,2,2,True,mass,1,cap_20260418_173922_235.png,True
9\cap_20260418_173922_235__mass__p2__cnn-9__ok.png,9,9,True,mass,2,cap_20260418_173922_235.png,True
9\cap_20260418_173922_235__mass__p3__cnn-9__ok.png,9,9,True,mass,3,cap_20260418_173922_235.png,True
1\cap_20260418_173922_235__mass__p4__cnn-1__ok.png,1,1,True,mass,4,cap_20260418_173922_235.png,True
_unverified\cap_20260418_173922_235__instability__p0__cnn-1__gt-15.42__read-150.42.png,,1,,instability,0,cap_20260418_173922_235.png,False
_unverified\cap_20260418_173922_235__instability__p1__cnn-5__gt-15.42__read-150.42.png,,5,,instability,1,cap_20260418_173922_235.png,False
_unverified\cap_20260418_173922_235__instability__p2__cnn-0__gt-15.42__read-150.42.png,,0,,instability,2,cap_20260418_173922_235.png,False
_unverified\cap_20260418_173922_235__instability__p3__cnn-4__gt-15.42__read-150.42.png,,4,,instability,3,cap_20260418_173922_235.png,False
_unverified\cap_20260418_173922_235__instability__p4__cnn-2__gt-15.42__read-150.42.png,,2,,instability,4,cap_20260418_173922_235.png,False
1\cap_20260418_173924_578__mass__p0__cnn-1__ok.png,1,1,True,mass,0,cap_20260418_173924_578.png,True
2\cap_20260418_173924_578__mass__p1__cnn-2__ok.png,2,2,True,mass,1,cap_20260418_173924_578.png,True
9\cap_20260418_173924_578__mass__p2__cnn-9__ok.png,9,9,True,mass,2,cap_20260418_173924_578.png,True
9\cap_20260418_173924_578__mass__p3__cnn-9__ok.png,9,9,True,mass,3,cap_20260418_173924_578.png,True
1\cap_20260418_173924_578__mass__p4__cnn-1__ok.png,1,1,True,mass,4,cap_20260418_173924_578.png,True
1\cap_20260418_173924_578__instability__p0__cnn-1__ok.png,1,1,True,instability,0,cap_20260418_173924_578.png,True
5\cap_20260418_173924_578__instability__p1__cnn-5__ok.png,5,5,True,instability,1,cap_20260418_173924_578.png,True
dot\cap_20260418_173924_578__instability__p2__cnn-dot__ok.png,.,.,True,instability,2,cap_20260418_173924_578.png,True
4\cap_20260418_173924_578__instability__p3__cnn-4__ok.png,4,4,True,instability,3,cap_20260418_173924_578.png,True
2\cap_20260418_173924_578__instability__p4__cnn-2__ok.png,2,2,True,instability,4,cap_20260418_173924_578.png,True
7\cap_20260418_173935_313__mass__p0__cnn-7__ok.png,7,7,True,mass,0,cap_20260418_173935_313.png,True
2\cap_20260418_173935_313__mass__p1__cnn-2__ok.png,2,2,True,mass,1,cap_20260418_173935_313.png,True
6\cap_20260418_173935_313__mass__p2__cnn-6__ok.png,6,6,True,mass,2,cap_20260418_173935_313.png,True
0\cap_20260418_173935_313__mass__p3__cnn-0__ok.png,0,0,True,mass,3,cap_20260418_173935_313.png,True
8\cap_20260418_173935_313__instability__p0__cnn-8__ok.png,8,8,True,instability,0,cap_20260418_173935_313.png,True
dot\cap_20260418_173935_313__instability__p1__cnn-dot__ok.png,.,.,True,instability,1,cap_20260418_173935_313.png,True
0\cap_20260418_173935_313__instability__p2__cnn-0__ok.png,0,0,True,instability,2,cap_20260418_173935_313.png,True
1\cap_20260418_173935_313__instability__p3__cnn-1__ok.png,1,1,True,instability,3,cap_20260418_173935_313.png,True
7\cap_20260418_173936_463__mass__p0__cnn-7__ok.png,7,7,True,mass,0,cap_20260418_173936_463.png,True
2\cap_20260418_173936_463__mass__p1__cnn-2__ok.png,2,2,True,mass,1,cap_20260418_173936_463.png,True
6\cap_20260418_173936_463__mass__p2__cnn-6__ok.png,6,6,True,mass,2,cap_20260418_173936_463.png,True
0\cap_20260418_173936_463__mass__p3__cnn-0__ok.png,0,0,True,mass,3,cap_20260418_173936_463.png,True
8\cap_20260418_173936_463__instability__p0__cnn-8__ok.png,8,8,True,instability,0,cap_20260418_173936_463.png,True
dot\cap_20260418_173936_463__instability__p1__cnn-dot__ok.png,.,.,True,instability,1,cap_20260418_173936_463.png,True
0\cap_20260418_173936_463__instability__p2__cnn-0__ok.png,0,0,True,instability,2,cap_20260418_173936_463.png,True
1\cap_20260418_173936_463__instability__p3__cnn-1__ok.png,1,1,True,instability,3,cap_20260418_173936_463.png,True
7\cap_20260418_173937_302__mass__p0__cnn-7__ok.png,7,7,True,mass,0,cap_20260418_173937_302.png,True
2\cap_20260418_173937_302__mass__p1__cnn-2__ok.png,2,2,True,mass,1,cap_20260418_173937_302.png,True
6\cap_20260418_173937_302__mass__p2__cnn-6__ok.png,6,6,True,mass,2,cap_20260418_173937_302.png,True
0\cap_20260418_173937_302__mass__p3__cnn-0__ok.png,0,0,True,mass,3,cap_20260418_173937_302.png,True
_unverified\cap_20260418_173937_302__instability__p0__cnn-5__gt-8.01__read-57.01.png,,5,,instability,0,cap_20260418_173937_302.png,False
_unverified\cap_20260418_173937_302__instability__p1__cnn-7__gt-8.01__read-57.01.png,,7,,instability,1,cap_20260418_173937_302.png,False
_unverified\cap_20260418_173937_302__instability__p2__cnn-dot__gt-8.01__read-57.01.png,,.,,instability,2,cap_20260418_173937_302.png,False
_unverified\cap_20260418_173937_302__instability__p3__cnn-dot__gt-8.01__read-57.01.png,,.,,instability,3,cap_20260418_173937_302.png,False
_unverified\cap_20260418_173937_302__instability__p4__cnn-0__gt-8.01__read-57.01.png,,0,,instability,4,cap_20260418_173937_302.png,False
_unverified\cap_20260418_173937_302__instability__p5__cnn-1__gt-8.01__read-57.01.png,,1,,instability,5,cap_20260418_173937_302.png,False
7\cap_20260418_173937_862__mass__p0__cnn-7__ok.png,7,7,True,mass,0,cap_20260418_173937_862.png,True
2\cap_20260418_173937_862__mass__p1__cnn-2__ok.png,2,2,True,mass,1,cap_20260418_173937_862.png,True
6\cap_20260418_173937_862__mass__p2__cnn-6__ok.png,6,6,True,mass,2,cap_20260418_173937_862.png,True
0\cap_20260418_173937_862__mass__p3__cnn-0__ok.png,0,0,True,mass,3,cap_20260418_173937_862.png,True
8\cap_20260418_173937_862__instability__p0__cnn-8__ok.png,8,8,True,instability,0,cap_20260418_173937_862.png,True
dot\cap_20260418_173937_862__instability__p1__cnn-dot__ok.png,.,.,True,instability,1,cap_20260418_173937_862.png,True
0\cap_20260418_173937_862__instability__p2__cnn-0__ok.png,0,0,True,instability,2,cap_20260418_173937_862.png,True
1\cap_20260418_173937_862__instability__p3__cnn-1__ok.png,1,1,True,instability,3,cap_20260418_173937_862.png,True
_unverified\cap_20260418_173938_397__mass__p0__cnn-7__gt-7360__read-7260.png,,7,,mass,0,cap_20260418_173938_397.png,False
_unverified\cap_20260418_173938_397__mass__p1__cnn-2__gt-7360__read-7260.png,,2,,mass,1,cap_20260418_173938_397.png,False
_unverified\cap_20260418_173938_397__mass__p2__cnn-6__gt-7360__read-7260.png,,6,,mass,2,cap_20260418_173938_397.png,False
_unverified\cap_20260418_173938_397__mass__p3__cnn-0__gt-7360__read-7260.png,,0,,mass,3,cap_20260418_173938_397.png,False
8\cap_20260418_173938_397__instability__p0__cnn-8__ok.png,8,8,True,instability,0,cap_20260418_173938_397.png,True
dot\cap_20260418_173938_397__instability__p1__cnn-dot__ok.png,.,.,True,instability,1,cap_20260418_173938_397.png,True
0\cap_20260418_173938_397__instability__p2__cnn-0__ok.png,0,0,True,instability,2,cap_20260418_173938_397.png,True
1\cap_20260418_173938_397__instability__p3__cnn-1__ok.png,1,1,True,instability,3,cap_20260418_173938_397.png,True
_unverified\cap_20260418_173938_898__mass__p0__cnn-0__gt-7260__read-7260.png,,0,,mass,0,cap_20260418_173938_898.png,False
_unverified\cap_20260418_173938_898__mass__p1__cnn-7__gt-7260__read-7260.png,,7,,mass,1,cap_20260418_173938_898.png,False
_unverified\cap_20260418_173938_898__mass__p2__cnn-2__gt-7260__read-7260.png,,2,,mass,2,cap_20260418_173938_898.png,False
_unverified\cap_20260418_173938_898__mass__p3__cnn-6__gt-7260__read-7260.png,,6,,mass,3,cap_20260418_173938_898.png,False
_unverified\cap_20260418_173938_898__mass__p4__cnn-0__gt-7260__read-7260.png,,0,,mass,4,cap_20260418_173938_898.png,False
_unverified\cap_20260418_173938_898__instability__p0__cnn-6__gt-8.01__read-6.01.png,,6,,instability,0,cap_20260418_173938_898.png,False
_unverified\cap_20260418_173938_898__instability__p1__cnn-7__gt-8.01__read-6.01.png,,7,,instability,1,cap_20260418_173938_898.png,False
_unverified\cap_20260418_173938_898__instability__p2__cnn-4__gt-8.01__read-6.01.png,,4,,instability,2,cap_20260418_173938_898.png,False
_unverified\cap_20260418_173938_898__instability__p3__cnn-1__gt-8.01__read-6.01.png,,1,,instability,3,cap_20260418_173938_898.png,False
_unverified\cap_20260418_173938_898__instability__p4__cnn-4__gt-8.01__read-6.01.png,,4,,instability,4,cap_20260418_173938_898.png,False
_unverified\cap_20260418_173938_898__instability__p5__cnn-5__gt-8.01__read-6.01.png,,5,,instability,5,cap_20260418_173938_898.png,False
_unverified\cap_20260418_173938_898__instability__p6__cnn-1__gt-8.01__read-6.01.png,,1,,instability,6,cap_20260418_173938_898.png,False
7\cap_20260418_173939_405__mass__p0__cnn-7__ok.png,7,7,True,mass,0,cap_20260418_173939_405.png,True
2\cap_20260418_173939_405__mass__p1__cnn-2__ok.png,2,2,True,mass,1,cap_20260418_173939_405.png,True
6\cap_20260418_173939_405__mass__p2__cnn-6__ok.png,6,6,True,mass,2,cap_20260418_173939_405.png,True
0\cap_20260418_173939_405__mass__p3__cnn-0__ok.png,0,0,True,mass,3,cap_20260418_173939_405.png,True
8\cap_20260418_173939_405__instability__p0__cnn-8__ok.png,8,8,True,instability,0,cap_20260418_173939_405.png,True
dot\cap_20260418_173939_405__instability__p1__cnn-dot__ok.png,.,.,True,instability,1,cap_20260418_173939_405.png,True
0\cap_20260418_173939_405__instability__p2__cnn-0__ok.png,0,0,True,instability,2,cap_20260418_173939_405.png,True
1\cap_20260418_173939_405__instability__p3__cnn-1__ok.png,1,1,True,instability,3,cap_20260418_173939_405.png,True
3\cap_20260418_090059_934__mass__p0__cnn-3__ok.png,3,3,True,mass,0,cap_20260418_090059_934.png,True
5\cap_20260418_090059_934__mass__p1__cnn-5__ok.png,5,5,True,mass,1,cap_20260418_090059_934.png,True
7\cap_20260418_090059_934__mass__p2__cnn-7__ok.png,7,7,True,mass,2,cap_20260418_090059_934.png,True
7\cap_20260418_090059_934__mass__p3__cnn-7__ok.png,7,7,True,mass,3,cap_20260418_090059_934.png,True
1\cap_20260418_090107_297__mass__p0__cnn-1__ok.png,1,1,True,mass,0,cap_20260418_090107_297.png,True
0\cap_20260418_090107_297__mass__p1__cnn-0__ok.png,0,0,True,mass,1,cap_20260418_090107_297.png,True
7\cap_20260418_090107_297__mass__p2__cnn-7__ok.png,7,7,True,mass,2,cap_20260418_090107_297.png,True
1\cap_20260418_090107_297__mass__p3__cnn-1__ok.png,1,1,True,mass,3,cap_20260418_090107_297.png,True
1\cap_20260418_090118_110__mass__p0__cnn-4__X.png,1,4,False,mass,0,cap_20260418_090118_110.png,True
8\cap_20260418_090118_110__mass__p1__cnn-8__ok.png,8,8,True,mass,1,cap_20260418_090118_110.png,True
3\cap_20260418_090118_110__mass__p2__cnn-3__ok.png,3,3,True,mass,2,cap_20260418_090118_110.png,True
3\cap_20260418_090118_110__mass__p3__cnn-3__ok.png,3,3,True,mass,3,cap_20260418_090118_110.png,True
_unverified\cap_20260418_090124_826__mass__p0__cnn-1__gt-4105__read-105.png,,1,,mass,0,cap_20260418_090124_826.png,False
_unverified\cap_20260418_090124_826__mass__p1__cnn-0__gt-4105__read-105.png,,0,,mass,1,cap_20260418_090124_826.png,False
_unverified\cap_20260418_090124_826__mass__p2__cnn-5__gt-4105__read-105.png,,5,,mass,2,cap_20260418_090124_826.png,False
_unverified\cap_20260418_090135_740__mass__p0__cnn-dot__gt-1833__read-None.png,,.,,mass,0,cap_20260418_090135_740.png,False
_unverified\cap_20260418_090135_740__mass__p1__cnn-4__gt-1833__read-None.png,,4,,mass,1,cap_20260418_090135_740.png,False
_unverified\cap_20260418_090135_740__mass__p2__cnn-dot__gt-1833__read-None.png,,.,,mass,2,cap_20260418_090135_740.png,False
_unverified\cap_20260418_090135_740__mass__p3__cnn-4__gt-1833__read-None.png,,4,,mass,3,cap_20260418_090135_740.png,False
_unverified\cap_20260418_090135_740__mass__p4__cnn-dot__gt-1833__read-None.png,,.,,mass,4,cap_20260418_090135_740.png,False
_unverified\cap_20260418_090135_740__mass__p5__cnn-4__gt-1833__read-None.png,,4,,mass,5,cap_20260418_090135_740.png,False
_unverified\cap_20260418_090135_740__mass__p6__cnn-pct__gt-1833__read-None.png,,%,,mass,6,cap_20260418_090135_740.png,False
_unverified\cap_20260418_090135_740__mass__p7__cnn-4__gt-1833__read-None.png,,4,,mass,7,cap_20260418_090135_740.png,False
_unverified\cap_20260418_090138_606__mass__p0__cnn-pct__gt-4105__read-44.png,,%,,mass,0,cap_20260418_090138_606.png,False
_unverified\cap_20260418_090138_606__mass__p1__cnn-4__gt-4105__read-44.png,,4,,mass,1,cap_20260418_090138_606.png,False
_unverified\cap_20260418_090138_606__mass__p2__cnn-pct__gt-4105__read-44.png,,%,,mass,2,cap_20260418_090138_606.png,False
_unverified\cap_20260418_090142_856__mass__p0__cnn-0__gt-1071__read-None.png,,0,,mass,0,cap_20260418_090142_856.png,False
_unverified\cap_20260418_090145_619__mass__p0__cnn-8__gt-3577__read-850.png,,8,,mass,0,cap_20260418_090145_619.png,False
_unverified\cap_20260418_090145_619__mass__p1__cnn-5__gt-3577__read-850.png,,5,,mass,1,cap_20260418_090145_619.png,False
_unverified\cap_20260418_090145_619__mass__p2__cnn-0__gt-3577__read-850.png,,0,,mass,2,cap_20260418_090145_619.png,False
_unverified\cap_20260418_091456_295__mass__p0__cnn-0__gt-3411__read-None.png,,0,,mass,0,cap_20260418_091456_295.png,False
_unverified\cap_20260418_091456_295__mass__p1__cnn-7__gt-3411__read-None.png,,7,,mass,1,cap_20260418_091456_295.png,False
_unverified\cap_20260418_091503_852__mass__p0__cnn-dot__gt-1323__read-None.png,,.,,mass,0,cap_20260418_091503_852.png,False
_unverified\cap_20260418_091503_852__mass__p1__cnn-3__gt-1323__read-None.png,,3,,mass,1,cap_20260418_091503_852.png,False
_unverified\cap_20260418_091513_560__mass__p0__cnn-1__gt-4161__read-1451.png,,1,,mass,0,cap_20260418_091513_560.png,False
_unverified\cap_20260418_091513_560__mass__p1__cnn-4__gt-4161__read-1451.png,,4,,mass,1,cap_20260418_091513_560.png,False
_unverified\cap_20260418_091513_560__mass__p2__cnn-5__gt-4161__read-1451.png,,5,,mass,2,cap_20260418_091513_560.png,False
_unverified\cap_20260418_091513_560__mass__p3__cnn-1__gt-4161__read-1451.png,,1,,mass,3,cap_20260418_091513_560.png,False
1\cap_20260418_091516_276__mass__p0__cnn-1__ok.png,1,1,True,mass,0,cap_20260418_091516_276.png,True
3\cap_20260418_091516_276__mass__p1__cnn-3__ok.png,3,3,True,mass,1,cap_20260418_091516_276.png,True
2\cap_20260418_091516_276__mass__p2__cnn-2__ok.png,2,2,True,mass,2,cap_20260418_091516_276.png,True
3\cap_20260418_091516_276__mass__p3__cnn-3__ok.png,3,3,True,mass,3,cap_20260418_091516_276.png,True
2\cap_20260418_091518_926__mass__p0__cnn-2__ok.png,2,2,True,mass,0,cap_20260418_091518_926.png,True
3\cap_20260418_091518_926__mass__p1__cnn-3__ok.png,3,3,True,mass,1,cap_20260418_091518_926.png,True
7\cap_20260418_091518_926__mass__p2__cnn-7__ok.png,7,7,True,mass,2,cap_20260418_091518_926.png,True
9\cap_20260418_091518_926__mass__p3__cnn-9__ok.png,9,9,True,mass,3,cap_20260418_091518_926.png,True
2\cap_20260418_091525_906__mass__p0__cnn-2__ok.png,2,2,True,mass,0,cap_20260418_091525_906.png,True
9\cap_20260418_091525_906__mass__p1__cnn-9__ok.png,9,9,True,mass,1,cap_20260418_091525_906.png,True
6\cap_20260418_091525_906__mass__p2__cnn-6__ok.png,6,6,True,mass,2,cap_20260418_091525_906.png,True
7\cap_20260418_091525_906__mass__p3__cnn-7__ok.png,7,7,True,mass,3,cap_20260418_091525_906.png,True
2\cap_20260418_091527_391__mass__p0__cnn-2__ok.png,2,2,True,mass,0,cap_20260418_091527_391.png,True
9\cap_20260418_091527_391__mass__p1__cnn-9__ok.png,9,9,True,mass,1,cap_20260418_091527_391.png,True
6\cap_20260418_091527_391__mass__p2__cnn-6__ok.png,6,6,True,mass,2,cap_20260418_091527_391.png,True
7\cap_20260418_091527_391__mass__p3__cnn-7__ok.png,7,7,True,mass,3,cap_20260418_091527_391.png,True
_unverified\cap_20260418_091531_202__mass__p0__cnn-1__gt-3411__read-829.png,,1,,mass,0,cap_20260418_091531_202.png,False
_unverified\cap_20260418_091531_202__mass__p1__cnn-1__gt-3411__read-829.png,,1,,mass,1,cap_20260418_091531_202.png,False
_unverified\cap_20260418_091533_553__mass__p0__cnn-1__gt-4161__read-1451.png,,1,,mass,0,cap_20260418_091533_553.png,False
_unverified\cap_20260418_091533_553__mass__p1__cnn-4__gt-4161__read-1451.png,,4,,mass,1,cap_20260418_091533_553.png,False
_unverified\cap_20260418_091533_553__mass__p2__cnn-5__gt-4161__read-1451.png,,5,,mass,2,cap_20260418_091533_553.png,False
_unverified\cap_20260418_091533_553__mass__p3__cnn-1__gt-4161__read-1451.png,,1,,mass,3,cap_20260418_091533_553.png,False
2\cap_20260418_091541_516__mass__p0__cnn-2__ok.png,2,2,True,mass,0,cap_20260418_091541_516.png,True
6\cap_20260418_091541_516__mass__p1__cnn-6__ok.png,6,6,True,mass,1,cap_20260418_091541_516.png,True
8\cap_20260418_091541_516__mass__p2__cnn-8__ok.png,8,8,True,mass,2,cap_20260418_091541_516.png,True
5\cap_20260418_091541_516__mass__p3__cnn-5__ok.png,5,5,True,mass,3,cap_20260418_091541_516.png,True
_unverified\cap_20260418_091623_650__mass__p0__cnn-pct__gt-2835__read-44.png,,%,,mass,0,cap_20260418_091623_650.png,False
_unverified\cap_20260418_091623_650__mass__p1__cnn-7__gt-2835__read-44.png,,7,,mass,1,cap_20260418_091623_650.png,False
_unverified\cap_20260418_091623_650__instability__p0__cnn-4__gt-103.10__read-None.png,,4,,instability,0,cap_20260418_091623_650.png,False
_unverified\cap_20260418_091623_650__instability__p1__cnn-dot__gt-103.10__read-None.png,,.,,instability,1,cap_20260418_091623_650.png,False
_unverified\cap_20260418_091623_650__instability__p2__cnn-pct__gt-103.10__read-None.png,,%,,instability,2,cap_20260418_091623_650.png,False
_unverified\cap_20260418_091623_650__instability__p3__cnn-pct__gt-103.10__read-None.png,,%,,instability,3,cap_20260418_091623_650.png,False
_unverified\cap_20260418_091623_650__instability__p4__cnn-4__gt-103.10__read-None.png,,4,,instability,4,cap_20260418_091623_650.png,False
_unverified\cap_20260418_091623_650__instability__p5__cnn-pct__gt-103.10__read-None.png,,%,,instability,5,cap_20260418_091623_650.png,False
_unverified\cap_20260418_091623_650__instability__p6__cnn-6__gt-103.10__read-None.png,,6,,instability,6,cap_20260418_091623_650.png,False
_unverified\cap_20260418_091623_650__instability__p7__cnn-dot__gt-103.10__read-None.png,,.,,instability,7,cap_20260418_091623_650.png,False
_unverified\cap_20260418_091623_650__instability__p8__cnn-pct__gt-103.10__read-None.png,,%,,instability,8,cap_20260418_091623_650.png,False
_unverified\cap_20260418_091623_650__instability__p9__cnn-4__gt-103.10__read-None.png,,4,,instability,9,cap_20260418_091623_650.png,False
_unverified\cap_20260418_091623_650__instability__p10__cnn-dot__gt-103.10__read-None.png,,.,,instability,10,cap_20260418_091623_650.png,False
_unverified\cap_20260418_091623_650__instability__p11__cnn-pct__gt-103.10__read-None.png,,%,,instability,11,cap_20260418_091623_650.png,False
_unverified\cap_20260418_091623_650__instability__p12__cnn-pct__gt-103.10__read-None.png,,%,,instability,12,cap_20260418_091623_650.png,False
_unverified\cap_20260418_091623_650__instability__p13__cnn-4__gt-103.10__read-None.png,,4,,instability,13,cap_20260418_091623_650.png,False
_unverified\cap_20260418_091623_650__instability__p14__cnn-4__gt-103.10__read-None.png,,4,,instability,14,cap_20260418_091623_650.png,False
_unverified\cap_20260418_091623_650__instability__p15__cnn-7__gt-103.10__read-None.png,,7,,instability,15,cap_20260418_091623_650.png,False
_unverified\cap_20260418_091623_650__instability__p16__cnn-4__gt-103.10__read-None.png,,4,,instability,16,cap_20260418_091623_650.png,False
_unverified\cap_20260418_091623_650__instability__p17__cnn-dot__gt-103.10__read-None.png,,.,,instability,17,cap_20260418_091623_650.png,False
_unverified\cap_20260418_091623_650__instability__p18__cnn-pct__gt-103.10__read-None.png,,%,,instability,18,cap_20260418_091623_650.png,False
_unverified\cap_20260418_091623_650__instability__p19__cnn-pct__gt-103.10__read-None.png,,%,,instability,19,cap_20260418_091623_650.png,False
_unverified\cap_20260418_091639_150__mass__p0__cnn-dot__gt-2960__read-None.png,,.,,mass,0,cap_20260418_091639_150.png,False
_unverified\cap_20260418_091639_150__resistance__p0__cnn-dot__gt-47__read-5.png,,.,,resistance,0,cap_20260418_091639_150.png,False
2\cap_20260418_091641_158__mass__p0__cnn-2__ok.png,2,2,True,mass,0,cap_20260418_091641_158.png,True
9\cap_20260418_091641_158__mass__p1__cnn-9__ok.png,9,9,True,mass,1,cap_20260418_091641_158.png,True
6\cap_20260418_091641_158__mass__p2__cnn-6__ok.png,6,6,True,mass,2,cap_20260418_091641_158.png,True
0\cap_20260418_091641_158__mass__p3__cnn-0__ok.png,0,0,True,mass,3,cap_20260418_091641_158.png,True
4\cap_20260418_091641_158__resistance__p0__cnn-4__ok.png,4,4,True,resistance,0,cap_20260418_091641_158.png,True
7\cap_20260418_091641_158__resistance__p1__cnn-7__ok.png,7,7,True,resistance,1,cap_20260418_091641_158.png,True
pct\cap_20260418_091641_158__resistance__p2__cnn-pct__ok.png,%,%,True,resistance,2,cap_20260418_091641_158.png,True
1\cap_20260418_091641_158__instability__p0__cnn-1__ok.png,1,1,True,instability,0,cap_20260418_091641_158.png,True
2\cap_20260418_091641_158__instability__p1__cnn-2__ok.png,2,2,True,instability,1,cap_20260418_091641_158.png,True
6\cap_20260418_091641_158__instability__p2__cnn-6__ok.png,6,6,True,instability,2,cap_20260418_091641_158.png,True
dot\cap_20260418_091641_158__instability__p3__cnn-dot__ok.png,.,.,True,instability,3,cap_20260418_091641_158.png,True
0\cap_20260418_091641_158__instability__p4__cnn-0__ok.png,0,0,True,instability,4,cap_20260418_091641_158.png,True
2\cap_20260418_091641_158__instability__p5__cnn-2__ok.png,2,2,True,instability,5,cap_20260418_091641_158.png,True
2\cap_20260418_091641_731__mass__p0__cnn-2__ok.png,2,2,True,mass,0,cap_20260418_091641_731.png,True
9\cap_20260418_091641_731__mass__p1__cnn-9__ok.png,9,9,True,mass,1,cap_20260418_091641_731.png,True
6\cap_20260418_091641_731__mass__p2__cnn-6__ok.png,6,6,True,mass,2,cap_20260418_091641_731.png,True
0\cap_20260418_091641_731__mass__p3__cnn-0__ok.png,0,0,True,mass,3,cap_20260418_091641_731.png,True
4\cap_20260418_091641_731__resistance__p0__cnn-4__ok.png,4,4,True,resistance,0,cap_20260418_091641_731.png,True
7\cap_20260418_091641_731__resistance__p1__cnn-7__ok.png,7,7,True,resistance,1,cap_20260418_091641_731.png,True
pct\cap_20260418_091641_731__resistance__p2__cnn-pct__ok.png,%,%,True,resistance,2,cap_20260418_091641_731.png,True
1\cap_20260418_091641_731__instability__p0__cnn-1__ok.png,1,1,True,instability,0,cap_20260418_091641_731.png,True
2\cap_20260418_091641_731__instability__p1__cnn-2__ok.png,2,2,True,instability,1,cap_20260418_091641_731.png,True
6\cap_20260418_091641_731__instability__p2__cnn-6__ok.png,6,6,True,instability,2,cap_20260418_091641_731.png,True
dot\cap_20260418_091641_731__instability__p3__cnn-dot__ok.png,.,.,True,instability,3,cap_20260418_091641_731.png,True
0\cap_20260418_091641_731__instability__p4__cnn-0__ok.png,0,0,True,instability,4,cap_20260418_091641_731.png,True
2\cap_20260418_091641_731__instability__p5__cnn-2__ok.png,2,2,True,instability,5,cap_20260418_091641_731.png,True
2\cap_20260418_091645_529__mass__p0__cnn-2__ok.png,2,2,True,mass,0,cap_20260418_091645_529.png,True
8\cap_20260418_091645_529__mass__p1__cnn-8__ok.png,8,8,True,mass,1,cap_20260418_091645_529.png,True
7\cap_20260418_091645_529__mass__p2__cnn-7__ok.png,7,7,True,mass,2,cap_20260418_091645_529.png,True
9\cap_20260418_091645_529__mass__p3__cnn-9__ok.png,9,9,True,mass,3,cap_20260418_091645_529.png,True
_unverified\cap_20260418_091645_529__resistance__p0__cnn-4__gt-46__read-46.png,,4,,resistance,0,cap_20260418_091645_529.png,False
_unverified\cap_20260418_091645_529__resistance__p1__cnn-6__gt-46__read-46.png,,6,,resistance,1,cap_20260418_091645_529.png,False
_unverified\cap_20260418_091645_529__resistance__p2__cnn-5__gt-46__read-46.png,,5,,resistance,2,cap_20260418_091645_529.png,False
_unverified\cap_20260418_091645_529__resistance__p3__cnn-pct__gt-46__read-46.png,,%,,resistance,3,cap_20260418_091645_529.png,False
_unverified\cap_20260418_091645_529__instability__p0__cnn-1__gt-115.78__read-11.54.png,,1,,instability,0,cap_20260418_091645_529.png,False
_unverified\cap_20260418_091645_529__instability__p1__cnn-1__gt-115.78__read-11.54.png,,1,,instability,1,cap_20260418_091645_529.png,False
_unverified\cap_20260418_091645_529__instability__p2__cnn-5__gt-115.78__read-11.54.png,,5,,instability,2,cap_20260418_091645_529.png,False
_unverified\cap_20260418_091645_529__instability__p3__cnn-dot__gt-115.78__read-11.54.png,,.,,instability,3,cap_20260418_091645_529.png,False
_unverified\cap_20260418_091645_529__instability__p4__cnn-4__gt-115.78__read-11.54.png,,4,,instability,4,cap_20260418_091645_529.png,False
2\cap_20260418_091648_943__mass__p0__cnn-2__ok.png,2,2,True,mass,0,cap_20260418_091648_943.png,True
6\cap_20260418_091648_943__mass__p1__cnn-6__ok.png,6,6,True,mass,1,cap_20260418_091648_943.png,True
3\cap_20260418_091648_943__mass__p2__cnn-3__ok.png,3,3,True,mass,2,cap_20260418_091648_943.png,True
5\cap_20260418_091648_943__mass__p3__cnn-5__ok.png,5,5,True,mass,3,cap_20260418_091648_943.png,True
4\cap_20260418_091648_943__resistance__p0__cnn-4__ok.png,4,4,True,resistance,0,cap_20260418_091648_943.png,True
7\cap_20260418_091648_943__resistance__p1__cnn-7__ok.png,7,7,True,resistance,1,cap_20260418_091648_943.png,True
pct\cap_20260418_091648_943__resistance__p2__cnn-pct__ok.png,%,%,True,resistance,2,cap_20260418_091648_943.png,True
_unverified\cap_20260418_091648_943__instability__p0__cnn-1__gt-103.10__read-10.10.png,,1,,instability,0,cap_20260418_091648_943.png,False
_unverified\cap_20260418_091648_943__instability__p1__cnn-8__gt-103.10__read-10.10.png,,8,,instability,1,cap_20260418_091648_943.png,False
_unverified\cap_20260418_091648_943__instability__p2__cnn-dot__gt-103.10__read-10.10.png,,.,,instability,2,cap_20260418_091648_943.png,False
_unverified\cap_20260418_091648_943__instability__p3__cnn-1__gt-103.10__read-10.10.png,,1,,instability,3,cap_20260418_091648_943.png,False
_unverified\cap_20260418_091648_943__instability__p4__cnn-0__gt-103.10__read-10.10.png,,0,,instability,4,cap_20260418_091648_943.png,False
